show_id,genre_id
s1,g7
s2,g4
s3,g8
s4,g5
s5,g7
s6,g10
s7,g3
s8,g7
s9,g8
s10,g5
s11,g4
s12,g8
s13,g8
s14,g3
s15,g6
s16,g5
s17,g2
s18,g8
s19,g6
s20,g2
s21,g5
s22,g1
s23,g10
s24,g6
s25,g9
s26,g1
s27,g10
s28,g3
s29,g7
s30,g4
s31,g9
s32,g3
s33,g5
s34,g3
s35,g7
s36,g5
s37,g9
s38,g7
s39,g2
s40,g4
s41,g9
s42,g2
s43,g10
s44,g9
s45,g10
s46,g5
s47,g2
s48,g4
s49,g7
s50,g8
s51,g3
s52,g1
s53,g4
s54,g2
s55,g8
s56,g4
s57,g2
s58,g6
s59,g6
s60,g10
s61,g4
s62,g6
s63,g2
s64,g10
s65,g2
s66,g10
s67,g4
s68,g8
s69,g7
s70,g9
s71,g8
s72,g5
s73,g2
s74,g5
s75,g8
s76,g10
s77,g9
s78,g9
s79,g1
s80,g9
s81,g7
s82,g9
s83,g8
s84,g1
s85,g8
s86,g8
s87,g3
s88,g1
s89,g8
s90,g3
s91,g3
s92,g1
s93,g5
s94,g10
s95,g7
s96,g10
s97,g9
s98,g7
s99,g9
s100,g8
s101,g2
s102,g1
s103,g7
s104,g7
s105,g8
s106,g5
s107,g3
s108,g8
s109,g6
s110,g3
s111,g1
s112,g3
s113,g5
s114,g3
s115,g1
s116,g5
s117,g10
s118,g7
s119,g7
s120,g9
s121,g10
s122,g10
s123,g3
s124,g7
s125,g1
s126,g4
s127,g4
s128,g5
s129,g7
s130,g7
s131,g4
s132,g7
s133,g3
s134,g6
s135,g2
s136,g10
s137,g9
s138,g5
s139,g6
s140,g4
s141,g10
s142,g7
s143,g9
s144,g7
s145,g1
s146,g1
s147,g9
s148,g9
s149,g4
s150,g9
s151,g3
s152,g7
s153,g6
s154,g8
s155,g9
s156,g5
s157,g1
s158,g3
s159,g10
s160,g8
s161,g6
s162,g8
s163,g9
s164,g4
s165,g1
s166,g1
s167,g10
s168,g4
s169,g7
s170,g2
s171,g3
s172,g1
s173,g5
s174,g1
s175,g8
s176,g1
s177,g1
s178,g2
s179,g2
s180,g6
s181,g7
s182,g5
s183,g1
s184,g1
s185,g3
s186,g2
s187,g5
s188,g10
s189,g6
s190,g7
s191,g4
s192,g7
s193,g8
s194,g1
s195,g6
s196,g8
s197,g5
s198,g4
s199,g2
s200,g6
s201,g6
s202,g1
s203,g9
s204,g6
s205,g3
s206,g4
s207,g4
s208,g3
s209,g10
s210,g3
s211,g3
s212,g4
s213,g7
s214,g4
s215,g9
s216,g1
s217,g8
s218,g7
s219,g2
s220,g8
s221,g1
s222,g9
s223,g9
s224,g2
s225,g7
s226,g10
s227,g3
s228,g7
s229,g10
s230,g9
s231,g4
s232,g1
s233,g2
s234,g1
s235,g5
s236,g5
s237,g7
s238,g9
s239,g9
s240,g3
s241,g3
s242,g3
s243,g4
s244,g8
s245,g6
s246,g8
s247,g1
s248,g8
s249,g4
s250,g1
s251,g8
s252,g4
s253,g6
s254,g8
s255,g4
s256,g3
s257,g9
s258,g3
s259,g9
s260,g2
s261,g2
s262,g2
s263,g6
s264,g3
s265,g9
s266,g4
s267,g1
s268,g4
s269,g1
s270,g5
s271,g4
s272,g8
s273,g8
s274,g7
s275,g3
s276,g1
s277,g1
s278,g3
s279,g6
s280,g7
s281,g6
s282,g6
s283,g6
s284,g3
s285,g6
s286,g8
s287,g2
s288,g5
s289,g1
s290,g1
s291,g5
s292,g3
s293,g4
s294,g3
s295,g1
s296,g1
s297,g5
s298,g6
s299,g3
s300,g9
s301,g5
s302,g8
s303,g1
s304,g5
s305,g3
s306,g1
s307,g4
s308,g5
s309,g7
s310,g1
s311,g3
s312,g2
s313,g9
s314,g10
s315,g6
s316,g10
s317,g3
s318,g8
s319,g8
s320,g2
s321,g6
s322,g7
s323,g2
s324,g10
s325,g2
s326,g10
s327,g1
s328,g8
s329,g1
s330,g9
s331,g6
s332,g7
s333,g10
s334,g7
s335,g10
s336,g3
s337,g2
s338,g9
s339,g8
s340,g10
s341,g7
s342,g9
s343,g4
s344,g4
s345,g1
s346,g8
s347,g3
s348,g7
s349,g2
s350,g2
s351,g7
s352,g6
s353,g3
s354,g9
s355,g10
s356,g6
s357,g10
s358,g10
s359,g6
s360,g1
s361,g4
s362,g10
s363,g6
s364,g6
s365,g5
s366,g1
s367,g8
s368,g5
s369,g5
s370,g7
s371,g4
s372,g6
s373,g4
s374,g3
s375,g7
s376,g8
s377,g4
s378,g2
s379,g10
s380,g3
s381,g1
s382,g8
s383,g3
s384,g10
s385,g7
s386,g10
s387,g5
s388,g10
s389,g5
s390,g7
s391,g9
s392,g5
s393,g1
s394,g10
s395,g10
s396,g1
s397,g2
s398,g6
s399,g9
s400,g8
s401,g5
s402,g1
s403,g7
s404,g5
s405,g6
s406,g7
s407,g3
s408,g10
s409,g3
s410,g5
s411,g6
s412,g9
s413,g5
s414,g1
s415,g4
s416,g5
s417,g10
s418,g10
s419,g5
s420,g7
s421,g4
s422,g1
s423,g5
s424,g7
s425,g10
s426,g10
s427,g6
s428,g5
s429,g4
s430,g2
s431,g4
s432,g10
s433,g10
s434,g3
s435,g10
s436,g1
s437,g8
s438,g5
s439,g4
s440,g8
s441,g7
s442,g2
s443,g1
s444,g4
s445,g8
s446,g2
s447,g3
s448,g1
s449,g1
s450,g3
s451,g5
s452,g3
s453,g1
s454,g1
s455,g8
s456,g10
s457,g2
s458,g3
s459,g2
s460,g3
s461,g7
s462,g1
s463,g10
s464,g8
s465,g10
s466,g10
s467,g10
s468,g2
s469,g3
s470,g9
s471,g7
s472,g4
s473,g10
s474,g5
s475,g2
s476,g8
s477,g4
s478,g9
s479,g5
s480,g9
s481,g4
s482,g10
s483,g5
s484,g9
s485,g8
s486,g3
s487,g1
s488,g3
s489,g4
s490,g2
s491,g1
s492,g7
s493,g8
s494,g7
s495,g5
s496,g1
s497,g7
s498,g7
s499,g9
s500,g3
s501,g9
s502,g1
s503,g1
s504,g4
s505,g9
s506,g6
s507,g3
s508,g1
s509,g4
s510,g9
s511,g3
s512,g9
s513,g7
s514,g4
s515,g3
s516,g10
s517,g5
s518,g5
s519,g3
s520,g9
s521,g4
s522,g5
s523,g4
s524,g5
s525,g7
s526,g9
s527,g7
s528,g5
s529,g10
s530,g10
s531,g7
s532,g10
s533,g5
s534,g3
s535,g7
s536,g2
s537,g9
s538,g10
s539,g10
s540,g1
s541,g6
s542,g7
s543,g8
s544,g10
s545,g9
s546,g2
s547,g10
s548,g2
s549,g5
s550,g5
s551,g6
s552,g3
s553,g8
s554,g1
s555,g6
s556,g4
s557,g1
s558,g7
s559,g9
s560,g4
s561,g4
s562,g6
s563,g3
s564,g6
s565,g7
s566,g10
s567,g10
s568,g3
s569,g7
s570,g3
s571,g2
s572,g10
s573,g4
s574,g8
s575,g9
s576,g7
s577,g1
s578,g3
s579,g9
s580,g1
s581,g9
s582,g8
s583,g1
s584,g6
s585,g5
s586,g6
s587,g10
s588,g5
s589,g6
s590,g5
s591,g5
s592,g4
s593,g3
s594,g3
s595,g4
s596,g9
s597,g2
s598,g9
s599,g1
s600,g1
s601,g5
s602,g6
s603,g6
s604,g3
s605,g7
s606,g9
s607,g10
s608,g8
s609,g6
s610,g8
s611,g5
s612,g8
s613,g10
s614,g4
s615,g10
s616,g8
s617,g10
s618,g2
s619,g5
s620,g9
s621,g4
s622,g6
s623,g1
s624,g9
s625,g1
s626,g5
s627,g4
s628,g3
s629,g6
s630,g2
s631,g3
s632,g5
s633,g9
s634,g2
s635,g10
s636,g8
s637,g2
s638,g5
s639,g7
s640,g8
s641,g1
s642,g6
s643,g1
s644,g2
s645,g1
s646,g5
s647,g10
s648,g9
s649,g6
s650,g1
s651,g1
s652,g2
s653,g9
s654,g3
s655,g1
s656,g5
s657,g7
s658,g6
s659,g1
s660,g5
s661,g5
s662,g6
s663,g3
s664,g5
s665,g7
s666,g5
s667,g5
s668,g5
s669,g10
s670,g10
s671,g3
s672,g1
s673,g5
s674,g9
s675,g1
s676,g3
s677,g4
s678,g1
s679,g1
s680,g8
s681,g2
s682,g8
s683,g7
s684,g10
s685,g10
s686,g2
s687,g6
s688,g6
s689,g3
s690,g2
s691,g1
s692,g6
s693,g5
s694,g9
s695,g1
s696,g7
s697,g5
s698,g5
s699,g2
s700,g3
s701,g7
s702,g6
s703,g2
s704,g6
s705,g2
s706,g2
s707,g2
s708,g3
s709,g2
s710,g4
s711,g9
s712,g6
s713,g1
s714,g8
s715,g7
s716,g10
s717,g3
s718,g1
s719,g5
s720,g4
s721,g10
s722,g8
s723,g1
s724,g10
s725,g1
s726,g4
s727,g8
s728,g5
s729,g2
s730,g6
s731,g5
s732,g2
s733,g3
s734,g9
s735,g7
s736,g7
s737,g6
s738,g8
s739,g4
s740,g8
s741,g4
s742,g8
s743,g9
s744,g3
s745,g3
s746,g2
s747,g10
s748,g3
s749,g3
s750,g5
s751,g5
s752,g2
s753,g10
s754,g6
s755,g5
s756,g6
s757,g1
s758,g5
s759,g9
s760,g10
s761,g2
s762,g1
s763,g10
s764,g9
s765,g10
s766,g9
s767,g9
s768,g6
s769,g8
s770,g1
s771,g10
s772,g4
s773,g1
s774,g8
s775,g1
s776,g3
s777,g4
s778,g8
s779,g6
s780,g10
s781,g7
s782,g8
s783,g2
s784,g10
s785,g8
s786,g3
s787,g7
s788,g3
s789,g7
s790,g2
s791,g10
s792,g6
s793,g3
s794,g3
s795,g9
s796,g7
s797,g5
s798,g10
s799,g7
s800,g9
s801,g1
s802,g7
s803,g6
s804,g10
s805,g9
s806,g1
s807,g4
s808,g9
s809,g4
s810,g10
s811,g3
s812,g9
s813,g2
s814,g4
s815,g6
s816,g2
s817,g8
s818,g8
s819,g1
s820,g3
s821,g10
s822,g9
s823,g5
s824,g6
s825,g4
s826,g10
s827,g2
s828,g8
s829,g6
s830,g5
s831,g9
s832,g1
s833,g5
s834,g6
s835,g5
s836,g6
s837,g6
s838,g7
s839,g4
s840,g8
s841,g7
s842,g9
s843,g7
s844,g3
s845,g3
s846,g8
s847,g5
s848,g4
s849,g8
s850,g6
s851,g2
s852,g4
s853,g4
s854,g6
s855,g6
s856,g1
s857,g8
s858,g6
s859,g3
s860,g9
s861,g2
s862,g8
s863,g10
s864,g3
s865,g5
s866,g6
s867,g10
s868,g6
s869,g4
s870,g3
s871,g4
s872,g1
s873,g4
s874,g1
s875,g1
s876,g10
s877,g6
s878,g5
s879,g4
s880,g3
s881,g1
s882,g6
s883,g2
s884,g8
s885,g10
s886,g5
s887,g7
s888,g10
s889,g2
s890,g8
s891,g2
s892,g4
s893,g1
s894,g5
s895,g9
s896,g1
s897,g9
s898,g8
s899,g6
s900,g7
s901,g3
s902,g1
s903,g5
s904,g2
s905,g5
s906,g8
s907,g9
s908,g2
s909,g3
s910,g3
s911,g1
s912,g8
s913,g6
s914,g8
s915,g9
s916,g5
s917,g3
s918,g5
s919,g5
s920,g5
s921,g3
s922,g10
s923,g4
s924,g9
s925,g10
s926,g9
s927,g2
s928,g8
s929,g8
s930,g7
s931,g8
s932,g3
s933,g6
s934,g1
s935,g7
s936,g1
s937,g9
s938,g1
s939,g1
s940,g7
s941,g2
s942,g5
s943,g8
s944,g8
s945,g3
s946,g7
s947,g3
s948,g6
s949,g6
s950,g3
s951,g7
s952,g3
s953,g8
s954,g10
s955,g4
s956,g1
s957,g4
s958,g7
s959,g4
s960,g6
s961,g9
s962,g1
s963,g5
s964,g7
s965,g1
s966,g4
s967,g6
s968,g2
s969,g10
s970,g5
s971,g10
s972,g1
s973,g6
s974,g6
s975,g4
s976,g8
s977,g4
s978,g8
s979,g8
s980,g5
s981,g4
s982,g2
s983,g3
s984,g3
s985,g4
s986,g4
s987,g10
s988,g5
s989,g4
s990,g10
s991,g8
s992,g6
s993,g6
s994,g8
s995,g7
s996,g10
s997,g10
s998,g8
s999,g2
s1000,g9
s1001,g1
s1002,g8
s1003,g4
s1004,g4
s1005,g5
s1006,g8
s1007,g5
s1008,g8
s1009,g10
s1010,g1
s1011,g10
s1012,g9
s1013,g6
s1014,g3
s1015,g8
s1016,g9
s1017,g6
s1018,g7
s1019,g1
s1020,g5
s1021,g5
s1022,g10
s1023,g4
s1024,g6
s1025,g7
s1026,g9
s1027,g1
s1028,g6
s1029,g7
s1030,g3
s1031,g8
s1032,g5
s1033,g9
s1034,g5
s1035,g9
s1036,g10
s1037,g4
s1038,g9
s1039,g5
s1040,g10
s1041,g9
s1042,g3
s1043,g4
s1044,g9
s1045,g10
s1046,g6
s1047,g2
s1048,g7
s1049,g2
s1050,g2
s1051,g1
s1052,g3
s1053,g6
s1054,g8
s1055,g9
s1056,g7
s1057,g4
s1058,g6
s1059,g5
s1060,g8
s1061,g1
s1062,g1
s1063,g6
s1064,g10
s1065,g2
s1066,g5
s1067,g1
s1068,g7
s1069,g1
s1070,g4
s1071,g9
s1072,g1
s1073,g4
s1074,g6
s1075,g6
s1076,g8
s1077,g1
s1078,g7
s1079,g1
s1080,g7
s1081,g3
s1082,g8
s1083,g3
s1084,g1
s1085,g8
s1086,g3
s1087,g2
s1088,g1
s1089,g3
s1090,g2
s1091,g2
s1092,g6
s1093,g1
s1094,g2
s1095,g6
s1096,g3
s1097,g4
s1098,g1
s1099,g8
s1100,g7
s1101,g7
s1102,g3
s1103,g10
s1104,g10
s1105,g3
s1106,g2
s1107,g1
s1108,g7
s1109,g7
s1110,g2
s1111,g7
s1112,g8
s1113,g1
s1114,g9
s1115,g7
s1116,g3
s1117,g8
s1118,g7
s1119,g8
s1120,g6
s1121,g9
s1122,g5
s1123,g3
s1124,g3
s1125,g1
s1126,g8
s1127,g2
s1128,g3
s1129,g8
s1130,g8
s1131,g4
s1132,g4
s1133,g5
s1134,g6
s1135,g5
s1136,g7
s1137,g2
s1138,g7
s1139,g10
s1140,g7
s1141,g1
s1142,g7
s1143,g5
s1144,g3
s1145,g3
s1146,g4
s1147,g2
s1148,g2
s1149,g1
s1150,g5
s1151,g4
s1152,g10
s1153,g2
s1154,g3
s1155,g7
s1156,g7
s1157,g4
s1158,g5
s1159,g5
s1160,g6
s1161,g9
s1162,g2
s1163,g5
s1164,g3
s1165,g4
s1166,g10
s1167,g6
s1168,g8
s1169,g1
s1170,g10
s1171,g8
s1172,g7
s1173,g1
s1174,g2
s1175,g3
s1176,g1
s1177,g9
s1178,g8
s1179,g2
s1180,g9
s1181,g7
s1182,g9
s1183,g6
s1184,g6
s1185,g4
s1186,g10
s1187,g10
s1188,g2
s1189,g7
s1190,g5
s1191,g6
s1192,g2
s1193,g5
s1194,g10
s1195,g4
s1196,g9
s1197,g6
s1198,g2
s1199,g1
s1200,g5
s1201,g9
s1202,g6
s1203,g10
s1204,g7
s1205,g5
s1206,g10
s1207,g6
s1208,g5
s1209,g9
s1210,g6
s1211,g8
s1212,g2
s1213,g9
s1214,g5
s1215,g7
s1216,g10
s1217,g1
s1218,g10
s1219,g5
s1220,g10
s1221,g2
s1222,g6
s1223,g1
s1224,g3
s1225,g5
s1226,g4
s1227,g3
s1228,g10
s1229,g5
s1230,g8
s1231,g4
s1232,g1
s1233,g7
s1234,g8
s1235,g3
s1236,g6
s1237,g2
s1238,g7
s1239,g8
s1240,g6
s1241,g6
s1242,g5
s1243,g8
s1244,g1
s1245,g10
s1246,g4
s1247,g4
s1248,g3
s1249,g3
s1250,g4
s1251,g1
s1252,g2
s1253,g9
s1254,g10
s1255,g2
s1256,g5
s1257,g9
s1258,g9
s1259,g8
s1260,g1
s1261,g1
s1262,g9
s1263,g8
s1264,g10
s1265,g9
s1266,g7
s1267,g3
s1268,g3
s1269,g2
s1270,g5
s1271,g3
s1272,g6
s1273,g2
s1274,g3
s1275,g5
s1276,g1
s1277,g1
s1278,g10
s1279,g9
s1280,g7
s1281,g1
s1282,g8
s1283,g3
s1284,g8
s1285,g5
s1286,g1
s1287,g7
s1288,g5
s1289,g6
s1290,g6
s1291,g8
s1292,g9
s1293,g2
s1294,g9
s1295,g10
s1296,g9
s1297,g10
s1298,g10
s1299,g7
s1300,g1
s1301,g7
s1302,g10
s1303,g5
s1304,g6
s1305,g10
s1306,g7
s1307,g5
s1308,g7
s1309,g9
s1310,g3
s1311,g8
s1312,g2
s1313,g7
s1314,g2
s1315,g4
s1316,g7
s1317,g3
s1318,g2
s1319,g10
s1320,g7
s1321,g1
s1322,g8
s1323,g3
s1324,g2
s1325,g3
s1326,g5
s1327,g8
s1328,g10
s1329,g7
s1330,g7
s1331,g7
s1332,g8
s1333,g1
s1334,g4
s1335,g6
s1336,g9
s1337,g2
s1338,g1
s1339,g10
s1340,g2
s1341,g7
s1342,g3
s1343,g10
s1344,g2
s1345,g7
s1346,g2
s1347,g3
s1348,g7
s1349,g4
s1350,g1
s1351,g5
s1352,g9
s1353,g8
s1354,g9
s1355,g10
s1356,g9
s1357,g7
s1358,g4
s1359,g5
s1360,g1
s1361,g1
s1362,g3
s1363,g8
s1364,g2
s1365,g4
s1366,g2
s1367,g5
s1368,g9
s1369,g1
s1370,g5
s1371,g9
s1372,g1
s1373,g9
s1374,g8
s1375,g4
s1376,g10
s1377,g5
s1378,g5
s1379,g6
s1380,g7
s1381,g8
s1382,g8
s1383,g2
s1384,g9
s1385,g7
s1386,g4
s1387,g4
s1388,g8
s1389,g4
s1390,g6
s1391,g5
s1392,g3
s1393,g10
s1394,g2
s1395,g9
s1396,g10
s1397,g9
s1398,g1
s1399,g10
s1400,g3
s1401,g8
s1402,g6
s1403,g5
s1404,g5
s1405,g6
s1406,g7
s1407,g1
s1408,g9
s1409,g3
s1410,g4
s1411,g10
s1412,g1
s1413,g10
s1414,g3
s1415,g2
s1416,g2
s1417,g1
s1418,g8
s1419,g3
s1420,g3
s1421,g6
s1422,g8
s1423,g9
s1424,g9
s1425,g4
s1426,g5
s1427,g2
s1428,g9
s1429,g8
s1430,g3
s1431,g9
s1432,g3
s1433,g9
s1434,g2
s1435,g10
s1436,g9
s1437,g8
s1438,g9
s1439,g5
s1440,g2
s1441,g8
s1442,g6
s1443,g8
s1444,g5
s1445,g10
s1446,g2
s1447,g6
s1448,g5
s1449,g5
s1450,g1
s1451,g2
s1452,g8
s1453,g3
s1454,g10
s1455,g3
s1456,g8
s1457,g8
s1458,g2
s1459,g8
s1460,g1
s1461,g6
s1462,g8
s1463,g3
s1464,g8
s1465,g1
s1466,g9
s1467,g9
s1468,g5
s1469,g10
s1470,g4
s1471,g6
s1472,g7
s1473,g5
s1474,g10
s1475,g9
s1476,g3
s1477,g7
s1478,g10
s1479,g10
s1480,g5
s1481,g7
s1482,g2
s1483,g4
s1484,g2
s1485,g7
s1486,g2
s1487,g1
s1488,g9
s1489,g1
s1490,g8
s1491,g2
s1492,g8
s1493,g3
s1494,g6
s1495,g3
s1496,g7
s1497,g10
s1498,g9
s1499,g2
s1500,g5
s1501,g6
s1502,g4
s1503,g4
s1504,g4
s1505,g2
s1506,g4
s1507,g1
s1508,g6
s1509,g1
s1510,g10
s1511,g6
s1512,g1
s1513,g6
s1514,g10
s1515,g8
s1516,g2
s1517,g2
s1518,g4
s1519,g3
s1520,g4
s1521,g7
s1522,g1
s1523,g6
s1524,g3
s1525,g10
s1526,g7
s1527,g10
s1528,g2
s1529,g2
s1530,g4
s1531,g1
s1532,g3
s1533,g9
s1534,g7
s1535,g7
s1536,g4
s1537,g2
s1538,g4
s1539,g6
s1540,g3
s1541,g1
s1542,g8
s1543,g5
s1544,g5
s1545,g4
s1546,g6
s1547,g3
s1548,g9
s1549,g5
s1550,g3
s1551,g1
s1552,g10
s1553,g6
s1554,g2
s1555,g3
s1556,g1
s1557,g9
s1558,g8
s1559,g2
s1560,g8
s1561,g9
s1562,g1
s1563,g5
s1564,g8
s1565,g2
s1566,g4
s1567,g7
s1568,g3
s1569,g5
s1570,g8
s1571,g10
s1572,g3
s1573,g4
s1574,g9
s1575,g7
s1576,g1
s1577,g4
s1578,g4
s1579,g9
s1580,g6
s1581,g9
s1582,g6
s1583,g6
s1584,g5
s1585,g5
s1586,g2
s1587,g8
s1588,g8
s1589,g1
s1590,g8
s1591,g5
s1592,g2
s1593,g2
s1594,g6
s1595,g9
s1596,g1
s1597,g6
s1598,g9
s1599,g8
s1600,g6
s1601,g3
s1602,g8
s1603,g9
s1604,g1
s1605,g9
s1606,g6
s1607,g6
s1608,g4
s1609,g1
s1610,g10
s1611,g8
s1612,g2
s1613,g1
s1614,g2
s1615,g1
s1616,g1
s1617,g9
s1618,g1
s1619,g4
s1620,g10
s1621,g6
s1622,g7
s1623,g2
s1624,g6
s1625,g7
s1626,g10
s1627,g10
s1628,g2
s1629,g2
s1630,g10
s1631,g7
s1632,g1
s1633,g8
s1634,g3
s1635,g6
s1636,g9
s1637,g6
s1638,g9
s1639,g7
s1640,g9
s1641,g2
s1642,g8
s1643,g8
s1644,g2
s1645,g4
s1646,g7
s1647,g4
s1648,g4
s1649,g6
s1650,g10
s1651,g6
s1652,g10
s1653,g3
s1654,g9
s1655,g10
s1656,g2
s1657,g6
s1658,g7
s1659,g9
s1660,g3
s1661,g10
s1662,g3
s1663,g7
s1664,g4
s1665,g8
s1666,g7
s1667,g5
s1668,g7
s1669,g3
s1670,g2
s1671,g6
s1672,g2
s1673,g3
s1674,g6
s1675,g5
s1676,g8
s1677,g9
s1678,g3
s1679,g10
s1680,g3
s1681,g3
s1682,g6
s1683,g1
s1684,g7
s1685,g1
s1686,g5
s1687,g10
s1688,g8
s1689,g4
s1690,g5
s1691,g4
s1692,g4
s1693,g8
s1694,g2
s1695,g1
s1696,g3
s1697,g9
s1698,g4
s1699,g10
s1700,g5
s1701,g2
s1702,g4
s1703,g2
s1704,g2
s1705,g4
s1706,g6
s1707,g7
s1708,g10
s1709,g3
s1710,g3
s1711,g10
s1712,g6
s1713,g3
s1714,g2
s1715,g8
s1716,g5
s1717,g1
s1718,g3
s1719,g10
s1720,g8
s1721,g4
s1722,g7
s1723,g10
s1724,g2
s1725,g7
s1726,g5
s1727,g5
s1728,g6
s1729,g9
s1730,g6
s1731,g8
s1732,g7
s1733,g9
s1734,g4
s1735,g2
s1736,g7
s1737,g6
s1738,g1
s1739,g9
s1740,g9
s1741,g2
s1742,g3
s1743,g5
s1744,g5
s1745,g1
s1746,g8
s1747,g8
s1748,g4
s1749,g7
s1750,g10
s1751,g3
s1752,g6
s1753,g10
s1754,g10
s1755,g9
s1756,g1
s1757,g5
s1758,g4
s1759,g8
s1760,g1
s1761,g9
s1762,g6
s1763,g4
s1764,g9
s1765,g5
s1766,g5
s1767,g5
s1768,g1
s1769,g1
s1770,g8
s1771,g8
s1772,g6
s1773,g4
s1774,g2
s1775,g2
s1776,g9
s1777,g5
s1778,g4
s1779,g10
s1780,g1
s1781,g7
s1782,g3
s1783,g6
s1784,g5
s1785,g5
s1786,g5
s1787,g1
s1788,g1
s1789,g3
s1790,g10
s1791,g4
s1792,g5
s1793,g2
s1794,g8
s1795,g2
s1796,g9
s1797,g2
s1798,g9
s1799,g7
s1800,g8
s1801,g2
s1802,g7
s1803,g6
s1804,g4
s1805,g7
s1806,g4
s1807,g2
s1808,g10
s1809,g7
s1810,g8
s1811,g2
s1812,g5
s1813,g1
s1814,g7
s1815,g8
s1816,g6
s1817,g5
s1818,g6
s1819,g2
s1820,g1
s1821,g7
s1822,g7
s1823,g10
s1824,g10
s1825,g2
s1826,g2
s1827,g1
s1828,g10
s1829,g8
s1830,g8
s1831,g1
s1832,g8
s1833,g9
s1834,g4
s1835,g1
s1836,g1
s1837,g3
s1838,g5
s1839,g5
s1840,g9
s1841,g10
s1842,g2
s1843,g2
s1844,g6
s1845,g9
s1846,g1
s1847,g9
s1848,g9
s1849,g9
s1850,g5
s1851,g9
s1852,g4
s1853,g2
s1854,g6
s1855,g4
s1856,g6
s1857,g3
s1858,g6
s1859,g2
s1860,g2
s1861,g9
s1862,g7
s1863,g3
s1864,g1
s1865,g8
s1866,g6
s1867,g7
s1868,g9
s1869,g5
s1870,g1
s1871,g10
s1872,g7
s1873,g5
s1874,g3
s1875,g9
s1876,g1
s1877,g1
s1878,g1
s1879,g3
s1880,g6
s1881,g10
s1882,g3
s1883,g8
s1884,g10
s1885,g2
s1886,g9
s1887,g3
s1888,g5
s1889,g10
s1890,g8
s1891,g2
s1892,g6
s1893,g5
s1894,g10
s1895,g9
s1896,g5
s1897,g2
s1898,g5
s1899,g4
s1900,g7
s1901,g6
s1902,g2
s1903,g5
s1904,g7
s1905,g7
s1906,g5
s1907,g9
s1908,g4
s1909,g3
s1910,g4
s1911,g5
s1912,g6
s1913,g3
s1914,g2
s1915,g4
s1916,g5
s1917,g4
s1918,g3
s1919,g8
s1920,g10
s1921,g4
s1922,g2
s1923,g2
s1924,g1
s1925,g4
s1926,g10
s1927,g9
s1928,g7
s1929,g10
s1930,g7
s1931,g7
s1932,g8
s1933,g1
s1934,g10
s1935,g10
s1936,g8
s1937,g4
s1938,g4
s1939,g4
s1940,g6
s1941,g7
s1942,g6
s1943,g1
s1944,g8
s1945,g10
s1946,g7
s1947,g6
s1948,g6
s1949,g5
s1950,g6
s1951,g9
s1952,g10
s1953,g9
s1954,g10
s1955,g8
s1956,g10
s1957,g9
s1958,g10
s1959,g8
s1960,g8
s1961,g1
s1962,g10
s1963,g5
s1964,g4
s1965,g2
s1966,g8
s1967,g3
s1968,g4
s1969,g7
s1970,g10
s1971,g9
s1972,g2
s1973,g3
s1974,g4
s1975,g10
s1976,g1
s1977,g7
s1978,g2
s1979,g5
s1980,g1
s1981,g3
s1982,g2
s1983,g1
s1984,g7
s1985,g5
s1986,g1
s1987,g6
s1988,g5
s1989,g3
s1990,g7
s1991,g10
s1992,g9
s1993,g9
s1994,g9
s1995,g2
s1996,g3
s1997,g7
s1998,g5
s1999,g2
s2000,g3
s2001,g10
s2002,g6
s2003,g7
s2004,g9
s2005,g1
s2006,g7
s2007,g8
s2008,g3
s2009,g4
s2010,g10
s2011,g6
s2012,g10
s2013,g7
s2014,g4
s2015,g8
s2016,g5
s2017,g1
s2018,g4
s2019,g3
s2020,g9
s2021,g8
s2022,g1
s2023,g6
s2024,g9
s2025,g7
s2026,g4
s2027,g1
s2028,g2
s2029,g5
s2030,g5
s2031,g8
s2032,g6
s2033,g8
s2034,g2
s2035,g3
s2036,g6
s2037,g10
s2038,g3
s2039,g6
s2040,g6
s2041,g2
s2042,g7
s2043,g2
s2044,g6
s2045,g1
s2046,g3
s2047,g2
s2048,g7
s2049,g4
s2050,g8
s2051,g6
s2052,g10
s2053,g4
s2054,g5
s2055,g9
s2056,g7
s2057,g10
s2058,g9
s2059,g7
s2060,g1
s2061,g8
s2062,g4
s2063,g3
s2064,g7
s2065,g3
s2066,g8
s2067,g6
s2068,g5
s2069,g4
s2070,g8
s2071,g8
s2072,g1
s2073,g9
s2074,g5
s2075,g4
s2076,g6
s2077,g6
s2078,g2
s2079,g8
s2080,g7
s2081,g1
s2082,g5
s2083,g6
s2084,g4
s2085,g2
s2086,g4
s2087,g1
s2088,g7
s2089,g2
s2090,g2
s2091,g9
s2092,g5
s2093,g2
s2094,g9
s2095,g9
s2096,g1
s2097,g3
s2098,g4
s2099,g7
s2100,g10
s2101,g4
s2102,g2
s2103,g7
s2104,g6
s2105,g3
s2106,g6
s2107,g6
s2108,g5
s2109,g4
s2110,g10
s2111,g1
s2112,g10
s2113,g6
s2114,g2
s2115,g3
s2116,g8
s2117,g10
s2118,g6
s2119,g3
s2120,g7
s2121,g4
s2122,g9
s2123,g5
s2124,g3
s2125,g2
s2126,g2
s2127,g3
s2128,g2
s2129,g4
s2130,g2
s2131,g10
s2132,g9
s2133,g2
s2134,g9
s2135,g6
s2136,g1
s2137,g4
s2138,g1
s2139,g6
s2140,g4
s2141,g3
s2142,g3
s2143,g9
s2144,g6
s2145,g9
s2146,g5
s2147,g2
s2148,g8
s2149,g5
s2150,g2
s2151,g4
s2152,g9
s2153,g4
s2154,g4
s2155,g2
s2156,g6
s2157,g2
s2158,g7
s2159,g3
s2160,g3
s2161,g5
s2162,g3
s2163,g2
s2164,g10
s2165,g9
s2166,g2
s2167,g2
s2168,g8
s2169,g9
s2170,g7
s2171,g3
s2172,g9
s2173,g3
s2174,g5
s2175,g9
s2176,g3
s2177,g7
s2178,g1
s2179,g4
s2180,g4
s2181,g7
s2182,g8
s2183,g1
s2184,g5
s2185,g7
s2186,g4
s2187,g4
s2188,g4
s2189,g6
s2190,g7
s2191,g2
s2192,g5
s2193,g4
s2194,g3
s2195,g7
s2196,g6
s2197,g7
s2198,g5
s2199,g6
s2200,g5
s2201,g7
s2202,g2
s2203,g5
s2204,g6
s2205,g6
s2206,g5
s2207,g10
s2208,g7
s2209,g10
s2210,g8
s2211,g7
s2212,g5
s2213,g1
s2214,g5
s2215,g10
s2216,g2
s2217,g5
s2218,g5
s2219,g2
s2220,g5
s2221,g4
s2222,g1
s2223,g3
s2224,g1
s2225,g5
s2226,g4
s2227,g7
s2228,g5
s2229,g10
s2230,g4
s2231,g2
s2232,g4
s2233,g2
s2234,g8
s2235,g3
s2236,g9
s2237,g4
s2238,g6
s2239,g10
s2240,g5
s2241,g10
s2242,g1
s2243,g9
s2244,g1
s2245,g8
s2246,g9
s2247,g9
s2248,g1
s2249,g2
s2250,g1
s2251,g10
s2252,g2
s2253,g10
s2254,g8
s2255,g5
s2256,g7
s2257,g2
s2258,g8
s2259,g6
s2260,g8
s2261,g1
s2262,g1
s2263,g7
s2264,g8
s2265,g3
s2266,g5
s2267,g1
s2268,g7
s2269,g5
s2270,g8
s2271,g8
s2272,g9
s2273,g7
s2274,g1
s2275,g3
s2276,g8
s2277,g3
s2278,g8
s2279,g1
s2280,g5
s2281,g4
s2282,g5
s2283,g8
s2284,g10
s2285,g4
s2286,g4
s2287,g3
s2288,g7
s2289,g3
s2290,g3
s2291,g10
s2292,g5
s2293,g5
s2294,g6
s2295,g8
s2296,g10
s2297,g6
s2298,g1
s2299,g8
s2300,g8
s2301,g9
s2302,g9
s2303,g2
s2304,g2
s2305,g3
s2306,g1
s2307,g4
s2308,g4
s2309,g9
s2310,g9
s2311,g9
s2312,g10
s2313,g7
s2314,g2
s2315,g10
s2316,g5
s2317,g4
s2318,g8
s2319,g2
s2320,g6
s2321,g5
s2322,g2
s2323,g10
s2324,g1
s2325,g8
s2326,g2
s2327,g7
s2328,g9
s2329,g9
s2330,g8
s2331,g10
s2332,g9
s2333,g2
s2334,g6
s2335,g4
s2336,g4
s2337,g5
s2338,g3
s2339,g1
s2340,g8
s2341,g5
s2342,g3
s2343,g10
s2344,g7
s2345,g7
s2346,g1
s2347,g9
s2348,g2
s2349,g5
s2350,g5
s2351,g8
s2352,g8
s2353,g7
s2354,g7
s2355,g6
s2356,g6
s2357,g9
s2358,g6
s2359,g2
s2360,g2
s2361,g5
s2362,g4
s2363,g2
s2364,g3
s2365,g7
s2366,g8
s2367,g6
s2368,g5
s2369,g1
s2370,g8
s2371,g3
s2372,g6
s2373,g3
s2374,g7
s2375,g7
s2376,g9
s2377,g5
s2378,g8
s2379,g10
s2380,g10
s2381,g8
s2382,g1
s2383,g5
s2384,g3
s2385,g1
s2386,g4
s2387,g8
s2388,g3
s2389,g10
s2390,g2
s2391,g9
s2392,g10
s2393,g5
s2394,g7
s2395,g2
s2396,g9
s2397,g9
s2398,g4
s2399,g4
s2400,g6
s2401,g10
s2402,g10
s2403,g10
s2404,g6
s2405,g1
s2406,g9
s2407,g2
s2408,g5
s2409,g9
s2410,g4
s2411,g3
s2412,g7
s2413,g6
s2414,g8
s2415,g3
s2416,g5
s2417,g10
s2418,g4
s2419,g4
s2420,g4
s2421,g10
s2422,g8
s2423,g6
s2424,g3
s2425,g10
s2426,g5
s2427,g6
s2428,g5
s2429,g6
s2430,g8
s2431,g7
s2432,g5
s2433,g10
s2434,g6
s2435,g4
s2436,g9
s2437,g4
s2438,g1
s2439,g7
s2440,g7
s2441,g4
s2442,g3
s2443,g8
s2444,g5
s2445,g10
s2446,g7
s2447,g4
s2448,g4
s2449,g8
s2450,g8
s2451,g2
s2452,g2
s2453,g3
s2454,g3
s2455,g1
s2456,g3
s2457,g6
s2458,g8
s2459,g10
s2460,g6
s2461,g5
s2462,g4
s2463,g3
s2464,g4
s2465,g7
s2466,g1
s2467,g7
s2468,g1
s2469,g2
s2470,g4
s2471,g1
s2472,g9
s2473,g6
s2474,g1
s2475,g1
s2476,g6
s2477,g4
s2478,g4
s2479,g6
s2480,g7
s2481,g9
s2482,g10
s2483,g5
s2484,g9
s2485,g4
s2486,g10
s2487,g2
s2488,g3
s2489,g1
s2490,g6
s2491,g6
s2492,g1
s2493,g3
s2494,g5
s2495,g3
s2496,g10
s2497,g3
s2498,g10
s2499,g3
s2500,g5
s2501,g5
s2502,g4
s2503,g1
s2504,g5
s2505,g10
s2506,g5
s2507,g4
s2508,g6
s2509,g10
s2510,g4
s2511,g7
s2512,g7
s2513,g2
s2514,g3
s2515,g1
s2516,g8
s2517,g9
s2518,g4
s2519,g6
s2520,g9
s2521,g6
s2522,g9
s2523,g4
s2524,g8
s2525,g9
s2526,g4
s2527,g5
s2528,g8
s2529,g10
s2530,g6
s2531,g7
s2532,g3
s2533,g7
s2534,g8
s2535,g10
s2536,g6
s2537,g10
s2538,g9
s2539,g6
s2540,g9
s2541,g4
s2542,g8
s2543,g4
s2544,g2
s2545,g10
s2546,g9
s2547,g5
s2548,g4
s2549,g2
s2550,g1
s2551,g7
s2552,g6
s2553,g2
s2554,g8
s2555,g4
s2556,g8
s2557,g7
s2558,g5
s2559,g10
s2560,g10
s2561,g8
s2562,g9
s2563,g5
s2564,g10
s2565,g5
s2566,g2
s2567,g5
s2568,g3
s2569,g7
s2570,g10
s2571,g5
s2572,g8
s2573,g1
s2574,g3
s2575,g3
s2576,g9
s2577,g5
s2578,g9
s2579,g9
s2580,g1
s2581,g2
s2582,g5
s2583,g4
s2584,g10
s2585,g9
s2586,g7
s2587,g6
s2588,g7
s2589,g1
s2590,g1
s2591,g8
s2592,g2
s2593,g10
s2594,g9
s2595,g7
s2596,g6
s2597,g1
s2598,g1
s2599,g2
s2600,g6
s2601,g6
s2602,g2
s2603,g1
s2604,g10
s2605,g5
s2606,g5
s2607,g2
s2608,g6
s2609,g9
s2610,g2
s2611,g10
s2612,g2
s2613,g3
s2614,g7
s2615,g6
s2616,g8
s2617,g8
s2618,g6
s2619,g10
s2620,g3
s2621,g3
s2622,g1
s2623,g7
s2624,g5
s2625,g4
s2626,g10
s2627,g4
s2628,g4
s2629,g6
s2630,g8
s2631,g8
s2632,g5
s2633,g6
s2634,g4
s2635,g9
s2636,g8
s2637,g10
s2638,g10
s2639,g1
s2640,g2
s2641,g9
s2642,g8
s2643,g3
s2644,g8
s2645,g1
s2646,g10
s2647,g4
s2648,g3
s2649,g6
s2650,g7
s2651,g4
s2652,g7
s2653,g9
s2654,g2
s2655,g3
s2656,g5
s2657,g3
s2658,g8
s2659,g10
s2660,g8
s2661,g8
s2662,g9
s2663,g4
s2664,g5
s2665,g5
s2666,g8
s2667,g7
s2668,g9
s2669,g8
s2670,g2
s2671,g10
s2672,g4
s2673,g6
s2674,g2
s2675,g7
s2676,g3
s2677,g3
s2678,g2
s2679,g8
s2680,g6
s2681,g1
s2682,g1
s2683,g7
s2684,g8
s2685,g5
s2686,g5
s2687,g4
s2688,g6
s2689,g6
s2690,g3
s2691,g9
s2692,g7
s2693,g1
s2694,g7
s2695,g5
s2696,g5
s2697,g2
s2698,g4
s2699,g6
s2700,g10
s2701,g7
s2702,g5
s2703,g9
s2704,g3
s2705,g1
s2706,g4
s2707,g9
s2708,g4
s2709,g2
s2710,g10
s2711,g5
s2712,g3
s2713,g9
s2714,g4
s2715,g6
s2716,g2
s2717,g6
s2718,g3
s2719,g9
s2720,g2
s2721,g9
s2722,g5
s2723,g8
s2724,g2
s2725,g6
s2726,g3
s2727,g10
s2728,g5
s2729,g8
s2730,g10
s2731,g1
s2732,g5
s2733,g3
s2734,g4
s2735,g2
s2736,g9
s2737,g3
s2738,g2
s2739,g10
s2740,g9
s2741,g7
s2742,g6
s2743,g1
s2744,g5
s2745,g3
s2746,g1
s2747,g4
s2748,g2
s2749,g2
s2750,g3
s2751,g8
s2752,g8
s2753,g7
s2754,g6
s2755,g9
s2756,g4
s2757,g1
s2758,g8
s2759,g7
s2760,g7
s2761,g3
s2762,g4
s2763,g10
s2764,g9
s2765,g6
s2766,g5
s2767,g3
s2768,g9
s2769,g5
s2770,g5
s2771,g4
s2772,g4
s2773,g1
s2774,g7
s2775,g9
s2776,g3
s2777,g2
s2778,g3
s2779,g1
s2780,g6
s2781,g7
s2782,g2
s2783,g8
s2784,g6
s2785,g4
s2786,g5
s2787,g8
s2788,g3
s2789,g3
s2790,g4
s2791,g1
s2792,g9
s2793,g8
s2794,g8
s2795,g10
s2796,g6
s2797,g7
s2798,g6
s2799,g9
s2800,g3
s2801,g3
s2802,g3
s2803,g10
s2804,g3
s2805,g9
s2806,g4
s2807,g7
s2808,g9
s2809,g7
s2810,g9
s2811,g3
s2812,g4
s2813,g8
s2814,g6
s2815,g5
s2816,g4
s2817,g8
s2818,g1
s2819,g9
s2820,g1
s2821,g8
s2822,g4
s2823,g9
s2824,g5
s2825,g3
s2826,g9
s2827,g9
s2828,g4
s2829,g4
s2830,g8
s2831,g2
s2832,g9
s2833,g6
s2834,g9
s2835,g8
s2836,g7
s2837,g1
s2838,g3
s2839,g2
s2840,g5
s2841,g5
s2842,g5
s2843,g4
s2844,g5
s2845,g3
s2846,g1
s2847,g5
s2848,g9
s2849,g9
s2850,g4
s2851,g3
s2852,g1
s2853,g2
s2854,g8
s2855,g1
s2856,g8
s2857,g7
s2858,g8
s2859,g6
s2860,g9
s2861,g3
s2862,g10
s2863,g4
s2864,g6
s2865,g8
s2866,g5
s2867,g3
s2868,g6
s2869,g4
s2870,g9
s2871,g3
s2872,g4
s2873,g7
s2874,g7
s2875,g4
s2876,g6
s2877,g3
s2878,g6
s2879,g2
s2880,g8
s2881,g2
s2882,g7
s2883,g9
s2884,g1
s2885,g8
s2886,g7
s2887,g6
s2888,g6
s2889,g6
s2890,g9
s2891,g2
s2892,g1
s2893,g6
s2894,g10
s2895,g8
s2896,g3
s2897,g10
s2898,g1
s2899,g9
s2900,g1
s2901,g3
s2902,g8
s2903,g3
s2904,g4
s2905,g8
s2906,g1
s2907,g6
s2908,g1
s2909,g1
s2910,g8
s2911,g4
s2912,g1
s2913,g10
s2914,g7
s2915,g5
s2916,g5
s2917,g1
s2918,g10
s2919,g6
s2920,g9
s2921,g9
s2922,g8
s2923,g5
s2924,g1
s2925,g9
s2926,g1
s2927,g8
s2928,g5
s2929,g3
s2930,g7
s2931,g7
s2932,g9
s2933,g7
s2934,g3
s2935,g1
s2936,g8
s2937,g3
s2938,g8
s2939,g8
s2940,g5
s2941,g1
s2942,g10
s2943,g7
s2944,g10
s2945,g5
s2946,g8
s2947,g9
s2948,g7
s2949,g7
s2950,g1
s2951,g4
s2952,g2
s2953,g2
s2954,g2
s2955,g4
s2956,g1
s2957,g4
s2958,g2
s2959,g5
s2960,g3
s2961,g8
s2962,g4
s2963,g1
s2964,g1
s2965,g10
s2966,g3
s2967,g9
s2968,g7
s2969,g2
s2970,g9
s2971,g10
s2972,g2
s2973,g3
s2974,g10
s2975,g2
s2976,g3
s2977,g6
s2978,g9
s2979,g9
s2980,g7
s2981,g3
s2982,g4
s2983,g6
s2984,g5
s2985,g2
s2986,g6
s2987,g3
s2988,g8
s2989,g2
s2990,g1
s2991,g9
s2992,g3
s2993,g1
s2994,g7
s2995,g10
s2996,g5
s2997,g5
s2998,g1
s2999,g9
s3000,g7
s3001,g8
s3002,g9
s3003,g6
s3004,g5
s3005,g6
s3006,g2
s3007,g4
s3008,g3
s3009,g7
s3010,g9
s3011,g5
s3012,g6
s3013,g10
s3014,g2
s3015,g3
s3016,g3
s3017,g9
s3018,g7
s3019,g8
s3020,g10
s3021,g9
s3022,g6
s3023,g4
s3024,g1
s3025,g8
s3026,g7
s3027,g2
s3028,g8
s3029,g5
s3030,g7
s3031,g4
s3032,g5
s3033,g8
s3034,g1
s3035,g1
s3036,g4
s3037,g3
s3038,g10
s3039,g2
s3040,g3
s3041,g1
s3042,g1
s3043,g6
s3044,g5
s3045,g8
s3046,g2
s3047,g4
s3048,g8
s3049,g6
s3050,g1
s3051,g4
s3052,g1
s3053,g2
s3054,g5
s3055,g8
s3056,g8
s3057,g3
s3058,g4
s3059,g10
s3060,g6
s3061,g10
s3062,g3
s3063,g2
s3064,g6
s3065,g5
s3066,g10
s3067,g5
s3068,g10
s3069,g5
s3070,g10
s3071,g5
s3072,g3
s3073,g7
s3074,g6
s3075,g4
s3076,g2
s3077,g9
s3078,g1
s3079,g4
s3080,g1
s3081,g6
s3082,g4
s3083,g5
s3084,g5
s3085,g9
s3086,g1
s3087,g2
s3088,g6
s3089,g5
s3090,g7
s3091,g3
s3092,g3
s3093,g10
s3094,g2
s3095,g3
s3096,g10
s3097,g1
s3098,g5
s3099,g5
s3100,g7
s3101,g4
s3102,g3
s3103,g1
s3104,g8
s3105,g3
s3106,g2
s3107,g4
s3108,g3
s3109,g1
s3110,g3
s3111,g2
s3112,g8
s3113,g6
s3114,g9
s3115,g8
s3116,g10
s3117,g3
s3118,g5
s3119,g7
s3120,g5
s3121,g8
s3122,g5
s3123,g1
s3124,g5
s3125,g4
s3126,g6
s3127,g3
s3128,g5
s3129,g2
s3130,g6
s3131,g6
s3132,g5
s3133,g6
s3134,g7
s3135,g5
s3136,g1
s3137,g8
s3138,g4
s3139,g9
s3140,g10
s3141,g6
s3142,g1
s3143,g3
s3144,g3
s3145,g10
s3146,g4
s3147,g6
s3148,g7
s3149,g10
s3150,g4
s3151,g6
s3152,g1
s3153,g8
s3154,g7
s3155,g9
s3156,g3
s3157,g2
s3158,g1
s3159,g3
s3160,g5
s3161,g2
s3162,g3
s3163,g4
s3164,g7
s3165,g3
s3166,g9
s3167,g8
s3168,g4
s3169,g1
s3170,g1
s3171,g1
s3172,g1
s3173,g8
s3174,g3
s3175,g6
s3176,g3
s3177,g5
s3178,g7
s3179,g2
s3180,g6
s3181,g6
s3182,g3
s3183,g6
s3184,g10
s3185,g10
s3186,g5
s3187,g2
s3188,g9
s3189,g8
s3190,g3
s3191,g8
s3192,g9
s3193,g3
s3194,g3
s3195,g2
s3196,g8
s3197,g10
s3198,g1
s3199,g8
s3200,g7
s3201,g7
s3202,g3
s3203,g1
s3204,g4
s3205,g9
s3206,g5
s3207,g1
s3208,g5
s3209,g8
s3210,g8
s3211,g5
s3212,g9
s3213,g1
s3214,g4
s3215,g3
s3216,g2
s3217,g8
s3218,g7
s3219,g9
s3220,g2
s3221,g4
s3222,g6
s3223,g3
s3224,g8
s3225,g3
s3226,g2
s3227,g3
s3228,g6
s3229,g2
s3230,g8
s3231,g1
s3232,g7
s3233,g2
s3234,g10
s3235,g6
s3236,g2
s3237,g2
s3238,g10
s3239,g8
s3240,g2
s3241,g7
s3242,g3
s3243,g8
s3244,g7
s3245,g8
s3246,g7
s3247,g6
s3248,g7
s3249,g5
s3250,g7
s3251,g1
s3252,g1
s3253,g9
s3254,g5
s3255,g5
s3256,g3
s3257,g5
s3258,g3
s3259,g9
s3260,g9
s3261,g6
s3262,g1
s3263,g7
s3264,g7
s3265,g10
s3266,g10
s3267,g4
s3268,g8
s3269,g6
s3270,g4
s3271,g4
s3272,g2
s3273,g2
s3274,g4
s3275,g5
s3276,g8
s3277,g6
s3278,g4
s3279,g7
s3280,g8
s3281,g2
s3282,g7
s3283,g2
s3284,g2
s3285,g8
s3286,g2
s3287,g9
s3288,g1
s3289,g9
s3290,g1
s3291,g10
s3292,g10
s3293,g2
s3294,g6
s3295,g6
s3296,g1
s3297,g7
s3298,g8
s3299,g2
s3300,g8
s3301,g9
s3302,g6
s3303,g5
s3304,g9
s3305,g9
s3306,g1
s3307,g3
s3308,g9
s3309,g2
s3310,g4
s3311,g4
s3312,g2
s3313,g3
s3314,g3
s3315,g1
s3316,g6
s3317,g8
s3318,g3
s3319,g5
s3320,g1
s3321,g10
s3322,g7
s3323,g10
s3324,g1
s3325,g9
s3326,g8
s3327,g7
s3328,g10
s3329,g7
s3330,g5
s3331,g5
s3332,g5
s3333,g1
s3334,g8
s3335,g1
s3336,g4
s3337,g9
s3338,g9
s3339,g5
s3340,g4
s3341,g3
s3342,g3
s3343,g5
s3344,g10
s3345,g1
s3346,g5
s3347,g6
s3348,g7
s3349,g9
s3350,g3
s3351,g2
s3352,g3
s3353,g9
s3354,g7
s3355,g9
s3356,g2
s3357,g5
s3358,g4
s3359,g2
s3360,g9
s3361,g9
s3362,g6
s3363,g6
s3364,g8
s3365,g6
s3366,g1
s3367,g4
s3368,g7
s3369,g2
s3370,g9
s3371,g8
s3372,g8
s3373,g7
s3374,g4
s3375,g2
s3376,g3
s3377,g6
s3378,g5
s3379,g8
s3380,g6
s3381,g6
s3382,g1
s3383,g4
s3384,g5
s3385,g3
s3386,g9
s3387,g1
s3388,g6
s3389,g6
s3390,g10
s3391,g5
s3392,g5
s3393,g10
s3394,g5
s3395,g6
s3396,g8
s3397,g2
s3398,g6
s3399,g1
s3400,g4
s3401,g10
s3402,g3
s3403,g9
s3404,g3
s3405,g6
s3406,g1
s3407,g6
s3408,g4
s3409,g8
s3410,g9
s3411,g4
s3412,g10
s3413,g10
s3414,g6
s3415,g1
s3416,g4
s3417,g7
s3418,g1
s3419,g8
s3420,g10
s3421,g6
s3422,g5
s3423,g10
s3424,g9
s3425,g2
s3426,g5
s3427,g6
s3428,g7
s3429,g5
s3430,g9
s3431,g1
s3432,g7
s3433,g10
s3434,g7
s3435,g4
s3436,g9
s3437,g5
s3438,g4
s3439,g7
s3440,g4
s3441,g3
s3442,g9
s3443,g8
s3444,g1
s3445,g7
s3446,g9
s3447,g8
s3448,g8
s3449,g6
s3450,g4
s3451,g8
s3452,g3
s3453,g9
s3454,g2
s3455,g2
s3456,g7
s3457,g10
s3458,g4
s3459,g10
s3460,g8
s3461,g9
s3462,g7
s3463,g5
s3464,g8
s3465,g4
s3466,g2
s3467,g6
s3468,g9
s3469,g1
s3470,g10
s3471,g7
s3472,g10
s3473,g9
s3474,g10
s3475,g9
s3476,g10
s3477,g3
s3478,g5
s3479,g8
s3480,g8
s3481,g4
s3482,g1
s3483,g1
s3484,g4
s3485,g6
s3486,g8
s3487,g6
s3488,g9
s3489,g9
s3490,g2
s3491,g10
s3492,g1
s3493,g2
s3494,g5
s3495,g4
s3496,g4
s3497,g9
s3498,g8
s3499,g6
s3500,g1
s3501,g2
s3502,g6
s3503,g2
s3504,g10
s3505,g5
s3506,g5
s3507,g6
s3508,g6
s3509,g6
s3510,g2
s3511,g10
s3512,g3
s3513,g6
s3514,g8
s3515,g1
s3516,g1
s3517,g2
s3518,g6
s3519,g9
s3520,g4
s3521,g3
s3522,g8
s3523,g10
s3524,g9
s3525,g5
s3526,g9
s3527,g2
s3528,g3
s3529,g7
s3530,g7
s3531,g6
s3532,g6
s3533,g2
s3534,g10
s3535,g6
s3536,g4
s3537,g3
s3538,g2
s3539,g1
s3540,g5
s3541,g2
s3542,g2
s3543,g7
s3544,g8
s3545,g10
s3546,g8
s3547,g4
s3548,g1
s3549,g7
s3550,g1
s3551,g4
s3552,g8
s3553,g2
s3554,g6
s3555,g6
s3556,g9
s3557,g5
s3558,g10
s3559,g4
s3560,g5
s3561,g10
s3562,g5
s3563,g8
s3564,g10
s3565,g8
s3566,g2
s3567,g7
s3568,g8
s3569,g6
s3570,g5
s3571,g9
s3572,g3
s3573,g10
s3574,g4
s3575,g9
s3576,g6
s3577,g8
s3578,g7
s3579,g2
s3580,g3
s3581,g1
s3582,g9
s3583,g7
s3584,g1
s3585,g3
s3586,g4
s3587,g4
s3588,g5
s3589,g3
s3590,g3
s3591,g1
s3592,g7
s3593,g10
s3594,g1
s3595,g2
s3596,g4
s3597,g4
s3598,g5
s3599,g2
s3600,g4
s3601,g1
s3602,g2
s3603,g1
s3604,g10
s3605,g10
s3606,g4
s3607,g4
s3608,g7
s3609,g10
s3610,g9
s3611,g9
s3612,g5
s3613,g10
s3614,g1
s3615,g1
s3616,g6
s3617,g2
s3618,g8
s3619,g9
s3620,g4
s3621,g5
s3622,g8
s3623,g3
s3624,g5
s3625,g3
s3626,g10
s3627,g3
s3628,g3
s3629,g7
s3630,g7
s3631,g7
s3632,g10
s3633,g8
s3634,g5
s3635,g5
s3636,g4
s3637,g7
s3638,g10
s3639,g4
s3640,g2
s3641,g4
s3642,g8
s3643,g9
s3644,g3
s3645,g7
s3646,g9
s3647,g4
s3648,g10
s3649,g3
s3650,g5
s3651,g1
s3652,g3
s3653,g8
s3654,g8
s3655,g4
s3656,g2
s3657,g8
s3658,g8
s3659,g10
s3660,g4
s3661,g3
s3662,g2
s3663,g9
s3664,g1
s3665,g7
s3666,g5
s3667,g8
s3668,g4
s3669,g7
s3670,g5
s3671,g5
s3672,g9
s3673,g9
s3674,g9
s3675,g6
s3676,g6
s3677,g5
s3678,g9
s3679,g10
s3680,g8
s3681,g7
s3682,g7
s3683,g6
s3684,g5
s3685,g4
s3686,g3
s3687,g3
s3688,g6
s3689,g4
s3690,g6
s3691,g3
s3692,g4
s3693,g9
s3694,g5
s3695,g7
s3696,g10
s3697,g2
s3698,g5
s3699,g9
s3700,g3
s3701,g9
s3702,g6
s3703,g4
s3704,g7
s3705,g8
s3706,g6
s3707,g5
s3708,g6
s3709,g5
s3710,g8
s3711,g1
s3712,g7
s3713,g10
s3714,g10
s3715,g2
s3716,g9
s3717,g1
s3718,g10
s3719,g6
s3720,g9
s3721,g1
s3722,g4
s3723,g4
s3724,g9
s3725,g5
s3726,g5
s3727,g6
s3728,g1
s3729,g1
s3730,g9
s3731,g3
s3732,g4
s3733,g1
s3734,g9
s3735,g8
s3736,g2
s3737,g8
s3738,g7
s3739,g6
s3740,g1
s3741,g7
s3742,g10
s3743,g7
s3744,g9
s3745,g1
s3746,g2
s3747,g9
s3748,g9
s3749,g6
s3750,g6
s3751,g4
s3752,g4
s3753,g5
s3754,g3
s3755,g1
s3756,g1
s3757,g7
s3758,g1
s3759,g1
s3760,g3
s3761,g10
s3762,g4
s3763,g4
s3764,g2
s3765,g1
s3766,g3
s3767,g4
s3768,g3
s3769,g8
s3770,g10
s3771,g1
s3772,g2
s3773,g7
s3774,g4
s3775,g8
s3776,g3
s3777,g6
s3778,g9
s3779,g1
s3780,g1
s3781,g8
s3782,g3
s3783,g5
s3784,g1
s3785,g5
s3786,g6
s3787,g8
s3788,g3
s3789,g3
s3790,g10
s3791,g9
s3792,g4
s3793,g4
s3794,g7
s3795,g2
s3796,g8
s3797,g6
s3798,g3
s3799,g9
s3800,g5
s3801,g8
s3802,g7
s3803,g8
s3804,g7
s3805,g3
s3806,g2
s3807,g7
s3808,g3
s3809,g3
s3810,g2
s3811,g4
s3812,g8
s3813,g1
s3814,g1
s3815,g5
s3816,g5
s3817,g1
s3818,g6
s3819,g1
s3820,g5
s3821,g9
s3822,g5
s3823,g6
s3824,g8
s3825,g1
s3826,g2
s3827,g9
s3828,g3
s3829,g6
s3830,g5
s3831,g2
s3832,g7
s3833,g4
s3834,g1
s3835,g4
s3836,g6
s3837,g7
s3838,g7
s3839,g7
s3840,g3
s3841,g6
s3842,g8
s3843,g4
s3844,g8
s3845,g2
s3846,g10
s3847,g9
s3848,g9
s3849,g8
s3850,g10
s3851,g10
s3852,g1
s3853,g2
s3854,g6
s3855,g10
s3856,g5
s3857,g9
s3858,g5
s3859,g2
s3860,g10
s3861,g4
s3862,g9
s3863,g1
s3864,g1
s3865,g7
s3866,g3
s3867,g10
s3868,g2
s3869,g9
s3870,g3
s3871,g2
s3872,g8
s3873,g10
s3874,g6
s3875,g6
s3876,g10
s3877,g7
s3878,g7
s3879,g6
s3880,g4
s3881,g9
s3882,g6
s3883,g4
s3884,g3
s3885,g4
s3886,g3
s3887,g2
s3888,g5
s3889,g2
s3890,g6
s3891,g3
s3892,g6
s3893,g10
s3894,g9
s3895,g1
s3896,g6
s3897,g9
s3898,g4
s3899,g2
s3900,g4
s3901,g1
s3902,g3
s3903,g10
s3904,g9
s3905,g10
s3906,g5
s3907,g6
s3908,g3
s3909,g5
s3910,g8
s3911,g6
s3912,g4
s3913,g2
s3914,g9
s3915,g1
s3916,g1
s3917,g4
s3918,g7
s3919,g1
s3920,g9
s3921,g4
s3922,g3
s3923,g1
s3924,g10
s3925,g4
s3926,g9
s3927,g10
s3928,g6
s3929,g6
s3930,g1
s3931,g10
s3932,g2
s3933,g6
s3934,g2
s3935,g3
s3936,g4
s3937,g5
s3938,g9
s3939,g4
s3940,g9
s3941,g10
s3942,g3
s3943,g8
s3944,g1
s3945,g9
s3946,g9
s3947,g10
s3948,g2
s3949,g4
s3950,g8
s3951,g7
s3952,g1
s3953,g5
s3954,g7
s3955,g4
s3956,g1
s3957,g9
s3958,g5
s3959,g2
s3960,g8
s3961,g2
s3962,g3
s3963,g10
s3964,g1
s3965,g2
s3966,g7
s3967,g10
s3968,g2
s3969,g6
s3970,g3
s3971,g4
s3972,g8
s3973,g3
s3974,g10
s3975,g6
s3976,g1
s3977,g7
s3978,g8
s3979,g8
s3980,g3
s3981,g10
s3982,g1
s3983,g9
s3984,g6
s3985,g9
s3986,g7
s3987,g1
s3988,g1
s3989,g6
s3990,g5
s3991,g9
s3992,g2
s3993,g8
s3994,g5
s3995,g2
s3996,g10
s3997,g6
s3998,g10
s3999,g8
s4000,g4
s4001,g2
s4002,g5
s4003,g2
s4004,g2
s4005,g6
s4006,g10
s4007,g9
s4008,g4
s4009,g6
s4010,g7
s4011,g6
s4012,g8
s4013,g4
s4014,g1
s4015,g7
s4016,g3
s4017,g6
s4018,g2
s4019,g9
s4020,g1
s4021,g6
s4022,g6
s4023,g5
s4024,g5
s4025,g1
s4026,g10
s4027,g5
s4028,g2
s4029,g7
s4030,g3
s4031,g4
s4032,g3
s4033,g3
s4034,g4
s4035,g5
s4036,g1
s4037,g4
s4038,g8
s4039,g10
s4040,g7
s4041,g9
s4042,g5
s4043,g10
s4044,g4
s4045,g8
s4046,g9
s4047,g7
s4048,g7
s4049,g5
s4050,g4
s4051,g10
s4052,g1
s4053,g10
s4054,g10
s4055,g7
s4056,g1
s4057,g1
s4058,g5
s4059,g9
s4060,g6
s4061,g3
s4062,g3
s4063,g7
s4064,g6
s4065,g9
s4066,g6
s4067,g5
s4068,g10
s4069,g7
s4070,g1
s4071,g7
s4072,g3
s4073,g9
s4074,g6
s4075,g9
s4076,g5
s4077,g7
s4078,g4
s4079,g7
s4080,g1
s4081,g7
s4082,g8
s4083,g5
s4084,g2
s4085,g5
s4086,g6
s4087,g2
s4088,g6
s4089,g6
s4090,g1
s4091,g1
s4092,g10
s4093,g3
s4094,g10
s4095,g10
s4096,g3
s4097,g4
s4098,g2
s4099,g9
s4100,g10
s4101,g7
s4102,g7
s4103,g6
s4104,g3
s4105,g6
s4106,g8
s4107,g8
s4108,g9
s4109,g1
s4110,g1
s4111,g3
s4112,g3
s4113,g10
s4114,g8
s4115,g10
s4116,g1
s4117,g2
s4118,g2
s4119,g3
s4120,g6
s4121,g1
s4122,g2
s4123,g1
s4124,g5
s4125,g7
s4126,g8
s4127,g10
s4128,g1
s4129,g7
s4130,g5
s4131,g10
s4132,g1
s4133,g3
s4134,g7
s4135,g10
s4136,g1
s4137,g7
s4138,g5
s4139,g1
s4140,g1
s4141,g1
s4142,g9
s4143,g3
s4144,g5
s4145,g10
s4146,g9
s4147,g6
s4148,g9
s4149,g8
s4150,g8
s4151,g1
s4152,g9
s4153,g6
s4154,g9
s4155,g3
s4156,g3
s4157,g6
s4158,g9
s4159,g7
s4160,g3
s4161,g3
s4162,g2
s4163,g9
s4164,g3
s4165,g5
s4166,g9
s4167,g8
s4168,g2
s4169,g3
s4170,g2
s4171,g8
s4172,g6
s4173,g6
s4174,g9
s4175,g8
s4176,g4
s4177,g4
s4178,g9
s4179,g1
s4180,g2
s4181,g2
s4182,g6
s4183,g4
s4184,g10
s4185,g3
s4186,g3
s4187,g3
s4188,g6
s4189,g8
s4190,g7
s4191,g4
s4192,g4
s4193,g10
s4194,g2
s4195,g1
s4196,g9
s4197,g2
s4198,g8
s4199,g9
s4200,g4
s4201,g8
s4202,g9
s4203,g10
s4204,g10
s4205,g5
s4206,g7
s4207,g10
s4208,g4
s4209,g1
s4210,g3
s4211,g5
s4212,g3
s4213,g7
s4214,g9
s4215,g6
s4216,g10
s4217,g1
s4218,g7
s4219,g3
s4220,g5
s4221,g10
s4222,g4
s4223,g10
s4224,g5
s4225,g5
s4226,g6
s4227,g10
s4228,g10
s4229,g6
s4230,g8
s4231,g8
s4232,g9
s4233,g8
s4234,g2
s4235,g10
s4236,g1
s4237,g10
s4238,g2
s4239,g2
s4240,g3
s4241,g10
s4242,g7
s4243,g2
s4244,g1
s4245,g6
s4246,g9
s4247,g3
s4248,g6
s4249,g3
s4250,g1
s4251,g5
s4252,g10
s4253,g4
s4254,g7
s4255,g6
s4256,g10
s4257,g7
s4258,g5
s4259,g4
s4260,g7
s4261,g7
s4262,g6
s4263,g8
s4264,g4
s4265,g10
s4266,g5
s4267,g4
s4268,g1
s4269,g8
s4270,g1
s4271,g5
s4272,g6
s4273,g6
s4274,g5
s4275,g3
s4276,g5
s4277,g8
s4278,g2
s4279,g6
s4280,g9
s4281,g8
s4282,g8
s4283,g8
s4284,g7
s4285,g8
s4286,g6
s4287,g2
s4288,g2
s4289,g8
s4290,g1
s4291,g6
s4292,g6
s4293,g4
s4294,g10
s4295,g3
s4296,g3
s4297,g1
s4298,g3
s4299,g4
s4300,g5
s4301,g3
s4302,g6
s4303,g5
s4304,g3
s4305,g6
s4306,g6
s4307,g8
s4308,g2
s4309,g1
s4310,g4
s4311,g7
s4312,g10
s4313,g3
s4314,g3
s4315,g5
s4316,g5
s4317,g10
s4318,g3
s4319,g9
s4320,g4
s4321,g3
s4322,g2
s4323,g10
s4324,g9
s4325,g4
s4326,g3
s4327,g7
s4328,g8
s4329,g2
s4330,g7
s4331,g5
s4332,g5
s4333,g3
s4334,g5
s4335,g2
s4336,g4
s4337,g6
s4338,g1
s4339,g10
s4340,g4
s4341,g6
s4342,g9
s4343,g2
s4344,g7
s4345,g6
s4346,g2
s4347,g8
s4348,g7
s4349,g5
s4350,g5
s4351,g7
s4352,g9
s4353,g9
s4354,g9
s4355,g6
s4356,g10
s4357,g6
s4358,g3
s4359,g1
s4360,g7
s4361,g4
s4362,g1
s4363,g8
s4364,g6
s4365,g6
s4366,g2
s4367,g1
s4368,g2
s4369,g4
s4370,g2
s4371,g1
s4372,g7
s4373,g8
s4374,g6
s4375,g4
s4376,g6
s4377,g3
s4378,g8
s4379,g10
s4380,g2
s4381,g5
s4382,g1
s4383,g6
s4384,g2
s4385,g4
s4386,g6
s4387,g10
s4388,g8
s4389,g8
s4390,g6
s4391,g4
s4392,g8
s4393,g8
s4394,g10
s4395,g1
s4396,g4
s4397,g4
s4398,g7
s4399,g7
s4400,g8
s4401,g5
s4402,g7
s4403,g8
s4404,g9
s4405,g3
s4406,g3
s4407,g4
s4408,g5
s4409,g10
s4410,g1
s4411,g7
s4412,g9
s4413,g8
s4414,g5
s4415,g4
s4416,g7
s4417,g5
s4418,g7
s4419,g1
s4420,g1
s4421,g10
s4422,g3
s4423,g2
s4424,g2
s4425,g7
s4426,g10
s4427,g2
s4428,g4
s4429,g2
s4430,g6
s4431,g8
s4432,g10
s4433,g4
s4434,g5
s4435,g4
s4436,g3
s4437,g5
s4438,g9
s4439,g8
s4440,g8
s4441,g8
s4442,g8
s4443,g7
s4444,g8
s4445,g8
s4446,g8
s4447,g10
s4448,g7
s4449,g1
s4450,g4
s4451,g4
s4452,g5
s4453,g10
s4454,g6
s4455,g4
s4456,g2
s4457,g6
s4458,g8
s4459,g8
s4460,g7
s4461,g6
s4462,g2
s4463,g7
s4464,g5
s4465,g6
s4466,g10
s4467,g8
s4468,g8
s4469,g3
s4470,g7
s4471,g1
s4472,g1
s4473,g7
s4474,g10
s4475,g9
s4476,g7
s4477,g10
s4478,g5
s4479,g8
s4480,g2
s4481,g9
s4482,g6
s4483,g9
s4484,g2
s4485,g3
s4486,g8
s4487,g1
s4488,g10
s4489,g7
s4490,g7
s4491,g1
s4492,g9
s4493,g8
s4494,g4
s4495,g10
s4496,g5
s4497,g2
s4498,g9
s4499,g6
s4500,g3
s4501,g7
s4502,g9
s4503,g3
s4504,g2
s4505,g7
s4506,g7
s4507,g4
s4508,g9
s4509,g8
s4510,g1
s4511,g1
s4512,g5
s4513,g6
s4514,g3
s4515,g9
s4516,g10
s4517,g6
s4518,g4
s4519,g7
s4520,g8
s4521,g9
s4522,g6
s4523,g6
s4524,g8
s4525,g5
s4526,g3
s4527,g3
s4528,g6
s4529,g2
s4530,g6
s4531,g6
s4532,g8
s4533,g7
s4534,g8
s4535,g9
s4536,g6
s4537,g3
s4538,g10
s4539,g3
s4540,g1
s4541,g5
s4542,g4
s4543,g9
s4544,g9
s4545,g5
s4546,g10
s4547,g4
s4548,g7
s4549,g6
s4550,g4
s4551,g10
s4552,g2
s4553,g1
s4554,g4
s4555,g4
s4556,g1
s4557,g6
s4558,g4
s4559,g1
s4560,g1
s4561,g1
s4562,g8
s4563,g10
s4564,g8
s4565,g2
s4566,g7
s4567,g8
s4568,g8
s4569,g10
s4570,g7
s4571,g5
s4572,g1
s4573,g9
s4574,g7
s4575,g2
s4576,g6
s4577,g2
s4578,g1
s4579,g7
s4580,g2
s4581,g2
s4582,g5
s4583,g5
s4584,g7
s4585,g1
s4586,g8
s4587,g3
s4588,g4
s4589,g9
s4590,g4
s4591,g10
s4592,g5
s4593,g7
s4594,g4
s4595,g1
s4596,g9
s4597,g4
s4598,g9
s4599,g6
s4600,g1
s4601,g3
s4602,g2
s4603,g9
s4604,g1
s4605,g9
s4606,g9
s4607,g8
s4608,g8
s4609,g1
s4610,g8
s4611,g10
s4612,g3
s4613,g7
s4614,g1
s4615,g1
s4616,g10
s4617,g5
s4618,g5
s4619,g8
s4620,g7
s4621,g8
s4622,g6
s4623,g6
s4624,g2
s4625,g6
s4626,g5
s4627,g3
s4628,g6
s4629,g8
s4630,g9
s4631,g1
s4632,g3
s4633,g3
s4634,g8
s4635,g1
s4636,g5
s4637,g3
s4638,g2
s4639,g8
s4640,g3
s4641,g7
s4642,g1
s4643,g6
s4644,g3
s4645,g8
s4646,g6
s4647,g2
s4648,g6
s4649,g7
s4650,g5
s4651,g3
s4652,g4
s4653,g4
s4654,g6
s4655,g10
s4656,g1
s4657,g4
s4658,g10
s4659,g4
s4660,g10
s4661,g1
s4662,g9
s4663,g4
s4664,g7
s4665,g3
s4666,g10
s4667,g3
s4668,g8
s4669,g8
s4670,g1
s4671,g10
s4672,g2
s4673,g8
s4674,g1
s4675,g8
s4676,g8
s4677,g2
s4678,g4
s4679,g6
s4680,g9
s4681,g8
s4682,g8
s4683,g7
s4684,g9
s4685,g2
s4686,g3
s4687,g10
s4688,g8
s4689,g6
s4690,g10
s4691,g9
s4692,g10
s4693,g4
s4694,g8
s4695,g10
s4696,g3
s4697,g3
s4698,g8
s4699,g5
s4700,g3
s4701,g10
s4702,g1
s4703,g3
s4704,g9
s4705,g5
s4706,g10
s4707,g2
s4708,g7
s4709,g2
s4710,g4
s4711,g7
s4712,g4
s4713,g7
s4714,g7
s4715,g1
s4716,g6
s4717,g9
s4718,g2
s4719,g3
s4720,g10
s4721,g5
s4722,g9
s4723,g4
s4724,g1
s4725,g4
s4726,g6
s4727,g5
s4728,g1
s4729,g4
s4730,g6
s4731,g10
s4732,g10
s4733,g4
s4734,g9
s4735,g5
s4736,g8
s4737,g9
s4738,g10
s4739,g5
s4740,g6
s4741,g1
s4742,g7
s4743,g4
s4744,g2
s4745,g5
s4746,g3
s4747,g6
s4748,g8
s4749,g7
s4750,g3
s4751,g8
s4752,g2
s4753,g10
s4754,g9
s4755,g4
s4756,g1
s4757,g8
s4758,g7
s4759,g5
s4760,g10
s4761,g5
s4762,g7
s4763,g5
s4764,g8
s4765,g6
s4766,g5
s4767,g9
s4768,g2
s4769,g1
s4770,g8
s4771,g3
s4772,g7
s4773,g10
s4774,g8
s4775,g6
s4776,g10
s4777,g9
s4778,g7
s4779,g10
s4780,g5
s4781,g8
s4782,g2
s4783,g7
s4784,g4
s4785,g9
s4786,g1
s4787,g7
s4788,g6
s4789,g8
s4790,g5
s4791,g1
s4792,g1
s4793,g9
s4794,g10
s4795,g6
s4796,g10
s4797,g5
s4798,g1
s4799,g6
s4800,g6
s4801,g3
s4802,g8
s4803,g1
s4804,g1
s4805,g6
s4806,g10
s4807,g1
s4808,g6
s4809,g1
s4810,g6
s4811,g3
s4812,g8
s4813,g6
s4814,g1
s4815,g5
s4816,g8
s4817,g3
s4818,g6
s4819,g5
s4820,g6
s4821,g10
s4822,g1
s4823,g7
s4824,g9
s4825,g2
s4826,g10
s4827,g5
s4828,g10
s4829,g4
s4830,g6
s4831,g6
s4832,g2
s4833,g2
s4834,g4
s4835,g1
s4836,g9
s4837,g7
s4838,g7
s4839,g3
s4840,g3
s4841,g1
s4842,g3
s4843,g3
s4844,g4
s4845,g4
s4846,g3
s4847,g10
s4848,g8
s4849,g8
s4850,g1
s4851,g7
s4852,g2
s4853,g1
s4854,g3
s4855,g4
s4856,g6
s4857,g10
s4858,g5
s4859,g4
s4860,g8
s4861,g4
s4862,g10
s4863,g2
s4864,g3
s4865,g6
s4866,g8
s4867,g8
s4868,g9
s4869,g7
s4870,g2
s4871,g8
s4872,g7
s4873,g8
s4874,g3
s4875,g7
s4876,g10
s4877,g9
s4878,g3
s4879,g10
s4880,g6
s4881,g2
s4882,g2
s4883,g5
s4884,g5
s4885,g7
s4886,g2
s4887,g7
s4888,g5
s4889,g6
s4890,g8
s4891,g10
s4892,g4
s4893,g7
s4894,g6
s4895,g10
s4896,g2
s4897,g8
s4898,g10
s4899,g9
s4900,g5
s4901,g10
s4902,g4
s4903,g6
s4904,g8
s4905,g3
s4906,g10
s4907,g1
s4908,g4
s4909,g4
s4910,g1
s4911,g9
s4912,g3
s4913,g5
s4914,g6
s4915,g8
s4916,g6
s4917,g3
s4918,g6
s4919,g1
s4920,g4
s4921,g6
s4922,g7
s4923,g10
s4924,g3
s4925,g9
s4926,g7
s4927,g1
s4928,g2
s4929,g1
s4930,g9
s4931,g9
s4932,g7
s4933,g10
s4934,g3
s4935,g5
s4936,g4
s4937,g7
s4938,g9
s4939,g2
s4940,g8
s4941,g9
s4942,g10
s4943,g10
s4944,g9
s4945,g10
s4946,g7
s4947,g9
s4948,g9
s4949,g3
s4950,g4
s4951,g2
s4952,g10
s4953,g3
s4954,g5
s4955,g5
s4956,g6
s4957,g7
s4958,g7
s4959,g1
s4960,g2
s4961,g9
s4962,g10
s4963,g2
s4964,g6
s4965,g1
s4966,g3
s4967,g2
s4968,g3
s4969,g5
s4970,g10
s4971,g6
s4972,g9
s4973,g10
s4974,g4
s4975,g7
s4976,g6
s4977,g2
s4978,g10
s4979,g8
s4980,g7
s4981,g7
s4982,g8
s4983,g1
s4984,g1
s4985,g8
s4986,g4
s4987,g5
s4988,g8
s4989,g5
s4990,g10
s4991,g4
s4992,g6
s4993,g5
s4994,g7
s4995,g10
s4996,g7
s4997,g4
s4998,g5
s4999,g3
s5000,g4
s5001,g4
s5002,g3
s5003,g10
s5004,g5
s5005,g5
s5006,g7
s5007,g4
s5008,g4
s5009,g9
s5010,g6
s5011,g4
s5012,g2
s5013,g6
s5014,g2
s5015,g5
s5016,g6
s5017,g4
s5018,g3
s5019,g7
s5020,g2
s5021,g6
s5022,g4
s5023,g6
s5024,g4
s5025,g4
s5026,g4
s5027,g9
s5028,g7
s5029,g3
s5030,g3
s5031,g6
s5032,g6
s5033,g4
s5034,g9
s5035,g4
s5036,g9
s5037,g4
s5038,g2
s5039,g2
s5040,g5
s5041,g4
s5042,g7
s5043,g5
s5044,g6
s5045,g10
s5046,g4
s5047,g2
s5048,g10
s5049,g9
s5050,g10
s5051,g7
s5052,g4
s5053,g3
s5054,g10
s5055,g3
s5056,g9
s5057,g5
s5058,g3
s5059,g5
s5060,g2
s5061,g4
s5062,g10
s5063,g2
s5064,g2
s5065,g8
s5066,g1
s5067,g7
s5068,g5
s5069,g8
s5070,g1
s5071,g7
s5072,g5
s5073,g4
s5074,g7
s5075,g10
s5076,g2
s5077,g1
s5078,g1
s5079,g1
s5080,g5
s5081,g10
s5082,g7
s5083,g2
s5084,g10
s5085,g8
s5086,g4
s5087,g3
s5088,g10
s5089,g8
s5090,g2
s5091,g3
s5092,g3
s5093,g10
s5094,g1
s5095,g6
s5096,g2
s5097,g1
s5098,g2
s5099,g6
s5100,g4
s5101,g6
s5102,g9
s5103,g10
s5104,g10
s5105,g8
s5106,g1
s5107,g8
s5108,g9
s5109,g6
s5110,g10
s5111,g5
s5112,g6
s5113,g6
s5114,g9
s5115,g4
s5116,g2
s5117,g9
s5118,g2
s5119,g10
s5120,g9
s5121,g2
s5122,g8
s5123,g9
s5124,g10
s5125,g9
s5126,g10
s5127,g9
s5128,g2
s5129,g4
s5130,g7
s5131,g2
s5132,g1
s5133,g3
s5134,g4
s5135,g8
s5136,g6
s5137,g2
s5138,g9
s5139,g2
s5140,g5
s5141,g4
s5142,g7
s5143,g8
s5144,g5
s5145,g10
s5146,g5
s5147,g2
s5148,g8
s5149,g2
s5150,g10
s5151,g6
s5152,g8
s5153,g6
s5154,g4
s5155,g4
s5156,g6
s5157,g4
s5158,g8
s5159,g9
s5160,g1
s5161,g4
s5162,g4
s5163,g2
s5164,g6
s5165,g3
s5166,g7
s5167,g5
s5168,g4
s5169,g5
s5170,g8
s5171,g3
s5172,g7
s5173,g6
s5174,g1
s5175,g7
s5176,g7
s5177,g1
s5178,g9
s5179,g6
s5180,g2
s5181,g5
s5182,g4
s5183,g7
s5184,g8
s5185,g1
s5186,g5
s5187,g3
s5188,g1
s5189,g3
s5190,g6
s5191,g7
s5192,g8
s5193,g4
s5194,g3
s5195,g5
s5196,g9
s5197,g6
s5198,g9
s5199,g6
s5200,g2
s5201,g5
s5202,g9
s5203,g8
s5204,g7
s5205,g1
s5206,g4
s5207,g7
s5208,g7
s5209,g6
s5210,g8
s5211,g6
s5212,g10
s5213,g3
s5214,g4
s5215,g3
s5216,g1
s5217,g10
s5218,g5
s5219,g1
s5220,g1
s5221,g2
s5222,g4
s5223,g6
s5224,g8
s5225,g3
s5226,g1
s5227,g3
s5228,g3
s5229,g5
s5230,g4
s5231,g4
s5232,g9
s5233,g7
s5234,g4
s5235,g3
s5236,g6
s5237,g3
s5238,g6
s5239,g9
s5240,g6
s5241,g4
s5242,g5
s5243,g6
s5244,g3
s5245,g8
s5246,g4
s5247,g8
s5248,g10
s5249,g10
s5250,g3
s5251,g10
s5252,g7
s5253,g9
s5254,g4
s5255,g8
s5256,g3
s5257,g7
s5258,g3
s5259,g7
s5260,g10
s5261,g10
s5262,g6
s5263,g2
s5264,g3
s5265,g6
s5266,g4
s5267,g6
s5268,g1
s5269,g10
s5270,g1
s5271,g3
s5272,g8
s5273,g8
s5274,g4
s5275,g6
s5276,g8
s5277,g7
s5278,g7
s5279,g4
s5280,g9
s5281,g10
s5282,g6
s5283,g3
s5284,g5
s5285,g5
s5286,g5
s5287,g8
s5288,g9
s5289,g9
s5290,g6
s5291,g6
s5292,g9
s5293,g4
s5294,g6
s5295,g4
s5296,g1
s5297,g7
s5298,g10
s5299,g6
s5300,g9
s5301,g7
s5302,g7
s5303,g2
s5304,g9
s5305,g10
s5306,g9
s5307,g6
s5308,g3
s5309,g1
s5310,g4
s5311,g3
s5312,g1
s5313,g3
s5314,g4
s5315,g8
s5316,g9
s5317,g3
s5318,g6
s5319,g10
s5320,g5
s5321,g6
s5322,g4
s5323,g10
s5324,g6
s5325,g7
s5326,g9
s5327,g10
s5328,g7
s5329,g6
s5330,g1
s5331,g2
s5332,g1
s5333,g9
s5334,g10
s5335,g10
s5336,g9
s5337,g7
s5338,g2
s5339,g6
s5340,g4
s5341,g1
s5342,g1
s5343,g5
s5344,g2
s5345,g4
s5346,g1
s5347,g4
s5348,g6
s5349,g10
s5350,g4
s5351,g1
s5352,g7
s5353,g2
s5354,g9
s5355,g3
s5356,g8
s5357,g8
s5358,g3
s5359,g4
s5360,g2
s5361,g4
s5362,g9
s5363,g2
s5364,g3
s5365,g4
s5366,g5
s5367,g1
s5368,g7
s5369,g10
s5370,g7
s5371,g9
s5372,g4
s5373,g6
s5374,g2
s5375,g4
s5376,g2
s5377,g10
s5378,g5
s5379,g7
s5380,g1
s5381,g10
s5382,g10
s5383,g7
s5384,g10
s5385,g6
s5386,g6
s5387,g8
s5388,g8
s5389,g6
s5390,g3
s5391,g5
s5392,g2
s5393,g5
s5394,g9
s5395,g10
s5396,g1
s5397,g10
s5398,g5
s5399,g6
s5400,g7
s5401,g9
s5402,g6
s5403,g5
s5404,g7
s5405,g1
s5406,g5
s5407,g2
s5408,g4
s5409,g7
s5410,g5
s5411,g6
s5412,g2
s5413,g3
s5414,g7
s5415,g2
s5416,g6
s5417,g5
s5418,g10
s5419,g1
s5420,g10
s5421,g4
s5422,g2
s5423,g4
s5424,g1
s5425,g2
s5426,g8
s5427,g6
s5428,g2
s5429,g6
s5430,g10
s5431,g9
s5432,g7
s5433,g9
s5434,g5
s5435,g7
s5436,g7
s5437,g3
s5438,g7
s5439,g1
s5440,g9
s5441,g10
s5442,g6
s5443,g5
s5444,g7
s5445,g5
s5446,g10
s5447,g5
s5448,g10
s5449,g7
s5450,g10
s5451,g7
s5452,g3
s5453,g3
s5454,g10
s5455,g3
s5456,g6
s5457,g6
s5458,g3
s5459,g3
s5460,g8
s5461,g8
s5462,g7
s5463,g10
s5464,g4
s5465,g4
s5466,g3
s5467,g5
s5468,g3
s5469,g8
s5470,g7
s5471,g3
s5472,g9
s5473,g5
s5474,g9
s5475,g7
s5476,g7
s5477,g6
s5478,g2
s5479,g9
s5480,g6
s5481,g8
s5482,g1
s5483,g5
s5484,g1
s5485,g10
s5486,g8
s5487,g8
s5488,g1
s5489,g9
s5490,g2
s5491,g9
s5492,g1
s5493,g10
s5494,g9
s5495,g4
s5496,g9
s5497,g7
s5498,g6
s5499,g5
s5500,g9
s5501,g2
s5502,g2
s5503,g9
s5504,g3
s5505,g8
s5506,g9
s5507,g8
s5508,g4
s5509,g1
s5510,g4
s5511,g9
s5512,g2
s5513,g3
s5514,g10
s5515,g8
s5516,g6
s5517,g8
s5518,g7
s5519,g5
s5520,g9
s5521,g4
s5522,g6
s5523,g2
s5524,g2
s5525,g2
s5526,g10
s5527,g7
s5528,g2
s5529,g2
s5530,g9
s5531,g7
s5532,g3
s5533,g3
s5534,g7
s5535,g5
s5536,g10
s5537,g6
s5538,g8
s5539,g9
s5540,g1
s5541,g3
s5542,g7
s5543,g6
s5544,g7
s5545,g8
s5546,g6
s5547,g3
s5548,g2
s5549,g7
s5550,g1
s5551,g3
s5552,g4
s5553,g1
s5554,g5
s5555,g10
s5556,g3
s5557,g2
s5558,g3
s5559,g8
s5560,g6
s5561,g7
s5562,g6
s5563,g6
s5564,g3
s5565,g8
s5566,g7
s5567,g7
s5568,g6
s5569,g5
s5570,g10
s5571,g8
s5572,g5
s5573,g9
s5574,g9
s5575,g1
s5576,g6
s5577,g7
s5578,g3
s5579,g7
s5580,g7
s5581,g2
s5582,g7
s5583,g1
s5584,g5
s5585,g9
s5586,g7
s5587,g7
s5588,g2
s5589,g8
s5590,g3
s5591,g8
s5592,g3
s5593,g10
s5594,g7
s5595,g2
s5596,g4
s5597,g6
s5598,g9
s5599,g5
s5600,g9
s5601,g5
s5602,g10
s5603,g8
s5604,g1
s5605,g7
s5606,g4
s5607,g5
s5608,g6
s5609,g5
s5610,g1
s5611,g9
s5612,g2
s5613,g9
s5614,g10
s5615,g2
s5616,g9
s5617,g6
s5618,g9
s5619,g6
s5620,g6
s5621,g2
s5622,g8
s5623,g3
s5624,g7
s5625,g5
s5626,g3
s5627,g1
s5628,g8
s5629,g3
s5630,g2
s5631,g1
s5632,g4
s5633,g8
s5634,g3
s5635,g1
s5636,g4
s5637,g9
s5638,g1
s5639,g2
s5640,g9
s5641,g2
s5642,g3
s5643,g7
s5644,g3
s5645,g9
s5646,g6
s5647,g3
s5648,g9
s5649,g1
s5650,g10
s5651,g3
s5652,g1
s5653,g2
s5654,g8
s5655,g7
s5656,g2
s5657,g2
s5658,g9
s5659,g6
s5660,g5
s5661,g10
s5662,g6
s5663,g9
s5664,g7
s5665,g10
s5666,g10
s5667,g9
s5668,g4
s5669,g2
s5670,g8
s5671,g4
s5672,g9
s5673,g4
s5674,g8
s5675,g9
s5676,g9
s5677,g10
s5678,g4
s5679,g1
s5680,g3
s5681,g9
s5682,g4
s5683,g5
s5684,g7
s5685,g5
s5686,g4
s5687,g2
s5688,g2
s5689,g4
s5690,g10
s5691,g10
s5692,g9
s5693,g8
s5694,g3
s5695,g9
s5696,g5
s5697,g3
s5698,g5
s5699,g10
s5700,g4
s5701,g8
s5702,g5
s5703,g10
s5704,g8
s5705,g9
s5706,g4
s5707,g7
s5708,g2
s5709,g6
s5710,g8
s5711,g7
s5712,g7
s5713,g8
s5714,g7
s5715,g5
s5716,g7
s5717,g10
s5718,g3
s5719,g5
s5720,g7
s5721,g9
s5722,g2
s5723,g4
s5724,g7
s5725,g1
s5726,g2
s5727,g9
s5728,g10
s5729,g7
s5730,g10
s5731,g7
s5732,g6
s5733,g3
s5734,g10
s5735,g3
s5736,g2
s5737,g6
s5738,g4
s5739,g5
s5740,g3
s5741,g6
s5742,g3
s5743,g8
s5744,g9
s5745,g4
s5746,g9
s5747,g7
s5748,g3
s5749,g7
s5750,g1
s5751,g3
s5752,g6
s5753,g4
s5754,g7
s5755,g3
s5756,g1
s5757,g9
s5758,g6
s5759,g8
s5760,g3
s5761,g8
s5762,g2
s5763,g4
s5764,g3
s5765,g10
s5766,g1
s5767,g7
s5768,g10
s5769,g2
s5770,g4
s5771,g9
s5772,g6
s5773,g8
s5774,g2
s5775,g7
s5776,g6
s5777,g9
s5778,g7
s5779,g1
s5780,g8
s5781,g10
s5782,g3
s5783,g2
s5784,g3
s5785,g6
s5786,g3
s5787,g10
s5788,g5
s5789,g6
s5790,g8
s5791,g7
s5792,g8
s5793,g3
s5794,g4
s5795,g6
s5796,g7
s5797,g9
s5798,g1
s5799,g8
s5800,g8
s5801,g6
s5802,g4
s5803,g3
s5804,g3
s5805,g6
s5806,g8
s5807,g7
s5808,g1
s5809,g6
s5810,g7
s5811,g7
s5812,g9
s5813,g10
s5814,g5
s5815,g1
s5816,g2
s5817,g4
s5818,g5
s5819,g9
s5820,g1
s5821,g3
s5822,g5
s5823,g3
s5824,g4
s5825,g3
s5826,g4
s5827,g1
s5828,g8
s5829,g4
s5830,g7
s5831,g2
s5832,g2
s5833,g6
s5834,g2
s5835,g6
s5836,g2
s5837,g4
s5838,g7
s5839,g8
s5840,g3
s5841,g9
s5842,g2
s5843,g8
s5844,g8
s5845,g4
s5846,g1
s5847,g1
s5848,g2
s5849,g9
s5850,g2
s5851,g2
s5852,g6
s5853,g7
s5854,g7
s5855,g9
s5856,g6
s5857,g8
s5858,g6
s5859,g2
s5860,g1
s5861,g5
s5862,g9
s5863,g8
s5864,g4
s5865,g5
s5866,g5
s5867,g6
s5868,g3
s5869,g5
s5870,g2
s5871,g10
s5872,g1
s5873,g1
s5874,g10
s5875,g7
s5876,g2
s5877,g4
s5878,g5
s5879,g7
s5880,g2
s5881,g6
s5882,g1
s5883,g7
s5884,g9
s5885,g5
s5886,g5
s5887,g4
s5888,g3
s5889,g9
s5890,g5
s5891,g8
s5892,g9
s5893,g5
s5894,g10
s5895,g9
s5896,g2
s5897,g9
s5898,g4
s5899,g6
s5900,g6
s5901,g6
s5902,g2
s5903,g7
s5904,g6
s5905,g1
s5906,g2
s5907,g7
s5908,g1
s5909,g1
s5910,g1
s5911,g8
s5912,g4
s5913,g4
s5914,g2
s5915,g1
s5916,g10
s5917,g9
s5918,g7
s5919,g4
s5920,g6
s5921,g2
s5922,g7
s5923,g2
s5924,g10
s5925,g8
s5926,g8
s5927,g1
s5928,g8
s5929,g2
s5930,g6
s5931,g1
s5932,g5
s5933,g7
s5934,g10
s5935,g1
s5936,g2
s5937,g7
s5938,g6
s5939,g3
s5940,g10
s5941,g2
s5942,g10
s5943,g4
s5944,g3
s5945,g7
s5946,g8
s5947,g2
s5948,g10
s5949,g7
s5950,g8
s5951,g6
s5952,g6
s5953,g10
s5954,g1
s5955,g4
s5956,g1
s5957,g4
s5958,g2
s5959,g5
s5960,g10
s5961,g9
s5962,g10
s5963,g3
s5964,g8
s5965,g3
s5966,g6
s5967,g4
s5968,g8
s5969,g6
s5970,g8
s5971,g1
s5972,g6
s5973,g1
s5974,g1
s5975,g8
s5976,g7
s5977,g3
s5978,g6
s5979,g9
s5980,g7
s5981,g3
s5982,g6
s5983,g4
s5984,g3
s5985,g9
s5986,g10
s5987,g2
s5988,g1
s5989,g2
s5990,g7
s5991,g10
s5992,g1
s5993,g6
s5994,g7
s5995,g9
s5996,g8
s5997,g6
s5998,g3
s5999,g8
s6000,g7
s6001,g3
s6002,g9
s6003,g2
s6004,g3
s6005,g2
s6006,g1
s6007,g4
s6008,g5
s6009,g6
s6010,g5
s6011,g1
s6012,g3
s6013,g1
s6014,g5
s6015,g5
s6016,g6
s6017,g8
s6018,g10
s6019,g1
s6020,g4
s6021,g10
s6022,g1
s6023,g9
s6024,g7
s6025,g7
s6026,g5
s6027,g7
s6028,g2
s6029,g4
s6030,g7
s6031,g3
s6032,g2
s6033,g10
s6034,g2
s6035,g1
s6036,g5
s6037,g6
s6038,g6
s6039,g9
s6040,g4
s6041,g1
s6042,g6
s6043,g5
s6044,g10
s6045,g6
s6046,g3
s6047,g2
s6048,g6
s6049,g1
s6050,g7
s6051,g7
s6052,g10
s6053,g7
s6054,g10
s6055,g1
s6056,g4
s6057,g7
s6058,g9
s6059,g5
s6060,g2
s6061,g7
s6062,g10
s6063,g1
s6064,g7
s6065,g6
s6066,g7
s6068,g10
s6069,g3
s6070,g3
s6071,g7
s6072,g2
s6073,g1
s6074,g9
s6075,g9
s6076,g7
s6077,g7
s6078,g3
s6079,g10
s6080,g2
s6081,g7
s6082,g9
s6083,g1
s6084,g4
s6085,g6
s6086,g7
s6087,g10
s6088,g7
s6089,g10
s6090,g2
s6091,g4
s6092,g5
s6093,g1
s6094,g1
s6095,g10
s6096,g3
s6097,g10
s6098,g3
s6099,g8
s6100,g9
s6101,g1
s6102,g2
s6103,g10
s6104,g2
s6105,g4
s6106,g2
s6107,g7
s6108,g9
s6109,g7
s6110,g6
s6111,g10
s6112,g1
s6113,g10
s6114,g9
s6115,g5
s6116,g5
s6117,g6
s6118,g9
s6119,g8
s6120,g8
s6121,g8
s6122,g1
s6123,g1
s6124,g8
s6125,g5
s6126,g9
s6127,g2
s6128,g9
s6129,g8
s6130,g9
s6131,g4
s6132,g1
s6133,g1
s6134,g5
s6135,g2
s6136,g8
s6137,g10
s6138,g5
s6139,g5
s6140,g2
s6141,g7
s6142,g8
s6143,g10
s6144,g1
s6145,g2
s6146,g10
s6147,g4
s6148,g5
s6149,g2
s6150,g1
s6151,g9
s6152,g1
s6153,g4
s6154,g2
s6155,g4
s6156,g8
s6157,g8
s6158,g9
s6159,g5
s6160,g7
s6161,g3
s6162,g10
s6163,g4
s6164,g10
s6165,g9
s6166,g10
s6167,g10
s6168,g1
s6169,g2
s6170,g5
s6171,g3
s6172,g2
s6173,g1
s6174,g10
s6176,g3
s6177,g1
s6178,g1
s6179,g1
s6180,g8
s6181,g3
s6182,g1
s6183,g7
s6184,g10
s6185,g3
s6186,g8
s6187,g4
s6188,g4
s6189,g5
s6190,g6
s6191,g7
s6192,g4
s6193,g8
s6194,g6
s6195,g1
s6196,g1
s6197,g9
s6198,g10
s6199,g6
s6200,g10
s6201,g8
s6202,g7
s6203,g6
s6204,g4
s6205,g7
s6206,g9
s6207,g10
s6208,g10
s6209,g7
s6210,g1
s6211,g10
s6212,g9
s6213,g4
s6214,g3
s6215,g4
s6216,g4
s6217,g10
s6218,g2
s6219,g1
s6220,g10
s6221,g1
s6222,g8
s6223,g2
s6224,g10
s6225,g5
s6226,g4
s6227,g8
s6228,g2
s6229,g10
s6230,g9
s6231,g7
s6232,g7
s6233,g1
s6234,g2
s6235,g4
s6236,g4
s6237,g3
s6238,g7
s6239,g8
s6240,g2
s6241,g4
s6242,g3
s6243,g2
s6244,g6
s6245,g4
s6246,g6
s6247,g2
s6248,g4
s6249,g6
s6250,g5
s6251,g3
s6252,g8
s6253,g7
s6254,g3
s6255,g6
s6256,g4
s6257,g5
s6258,g5
s6259,g7
s6260,g5
s6261,g3
s6262,g10
s6263,g5
s6264,g7
s6265,g5
s6266,g5
s6267,g9
s6268,g3
s6269,g6
s6270,g1
s6271,g10
s6272,g5
s6273,g8
s6274,g5
s6275,g9
s6276,g6
s6277,g8
s6278,g10
s6279,g8
s6280,g3
s6281,g7
s6282,g7
s6283,g10
s6284,g6
s6285,g7
s6286,g2
s6287,g9
s6288,g10
s6289,g10
s6290,g1
s6291,g1
s6292,g3
s6293,g3
s6294,g1
s6295,g7
s6296,g4
s6297,g10
s6298,g2
s6299,g10
s6300,g5
s6301,g6
s6302,g9
s6303,g4
s6304,g2
s6305,g5
s6306,g3
s6307,g2
s6308,g1
s6309,g10
s6310,g2
s6311,g6
s6312,g8
s6313,g3
s6314,g9
s6315,g9
s6316,g2
s6317,g8
s6318,g10
s6319,g5
s6320,g4
s6321,g10
s6322,g5
s6323,g4
s6324,g8
s6325,g4
s6326,g10
s6327,g6
s6328,g2
s6329,g5
s6330,g6
s6331,g5
s6332,g2
s6333,g7
s6334,g4
s6335,g8
s6336,g7
s6337,g7
s6338,g9
s6339,g1
s6340,g10
s6341,g6
s6342,g6
s6343,g6
s6344,g6
s6345,g10
s6346,g7
s6347,g10
s6348,g6
s6349,g1
s6350,g3
s6351,g2
s6352,g6
s6353,g8
s6354,g3
s6355,g10
s6356,g8
s6357,g8
s6358,g5
s6359,g8
s6360,g6
s6361,g5
s6362,g9
s6363,g7
s6364,g8
s6365,g1
s6366,g2
s6367,g8
s6368,g9
s6369,g4
s6370,g10
s6371,g10
s6372,g9
s6373,g4
s6374,g10
s6375,g10
s6376,g10
s6377,g9
s6378,g7
s6379,g2
s6380,g9
s6381,g4
s6382,g8
s6383,g7
s6384,g7
s6385,g8
s6386,g1
s6387,g5
s6388,g2
s6389,g2
s6390,g1
s6391,g5
s6392,g2
s6393,g4
s6394,g3
s6395,g3
s6396,g2
s6397,g6
s6398,g2
s6399,g8
s6400,g8
s6401,g5
s6402,g10
s6403,g7
s6404,g4
s6405,g1
s6406,g2
s6407,g10
s6408,g10
s6409,g4
s6410,g1
s6411,g8
s6412,g9
s6413,g4
s6414,g10
s6415,g3
s6416,g2
s6417,g5
s6418,g3
s6419,g10
s6420,g7
s6421,g6
s6422,g1
s6423,g8
s6424,g2
s6425,g5
s6426,g9
s6427,g8
s6428,g2
s6429,g9
s6430,g5
s6431,g10
s6432,g6
s6433,g3
s6434,g3
s6435,g10
s6436,g8
s6437,g10
s6438,g10
s6439,g2
s6440,g2
s6441,g5
s6442,g6
s6443,g2
s6444,g5
s6445,g7
s6446,g10
s6447,g10
s6448,g8
s6449,g7
s6450,g8
s6451,g9
s6452,g5
s6453,g5
s6454,g10
s6455,g4
s6456,g9
s6457,g5
s6458,g2
s6459,g10
s6460,g8
s6461,g7
s6462,g8
s6463,g3
s6464,g4
s6465,g5
s6466,g6
s6467,g1
s6468,g4
s6469,g10
s6470,g5
s6471,g7
s6472,g5
s6473,g1
s6474,g7
s6475,g8
s6476,g7
s6477,g4
s6478,g8
s6479,g5
s6480,g10
s6481,g9
s6482,g10
s6483,g5
s6484,g1
s6485,g9
s6486,g5
s6487,g6
s6488,g4
s6489,g6
s6490,g8
s6491,g3
s6492,g5
s6493,g2
s6494,g2
s6495,g7
s6496,g10
s6497,g10
s6498,g10
s6499,g6
s6500,g4
s6501,g5
s6502,g1
s6503,g7
s6504,g8
s6505,g9
s6506,g8
s6507,g5
s6508,g3
s6509,g10
s6510,g9
s6511,g6
s6512,g5
s6513,g3
s6514,g6
s6515,g3
s6516,g10
s6517,g6
s6518,g4
s6519,g2
s6520,g8
s6521,g4
s6522,g9
s6523,g7
s6524,g2
s6525,g4
s6526,g5
s6527,g3
s6528,g9
s6529,g5
s6530,g2
s6531,g3
s6532,g9
s6533,g7
s6534,g2
s6535,g9
s6536,g4
s6537,g9
s6538,g2
s6539,g10
s6540,g4
s6541,g5
s6542,g2
s6543,g10
s6544,g1
s6545,g7
s6546,g10
s6547,g1
s6548,g8
s6549,g3
s6550,g10
s6551,g6
s6552,g7
s6553,g10
s6554,g1
s6555,g6
s6556,g7
s6557,g6
s6558,g4
s6559,g1
s6560,g9
s6561,g4
s6562,g7
s6563,g7
s6564,g2
s6565,g1
s6566,g8
s6567,g8
s6568,g7
s6569,g8
s6570,g3
s6571,g2
s6572,g7
s6573,g8
s6574,g1
s6575,g10
s6576,g9
s6577,g4
s6578,g4
s6579,g3
s6580,g6
s6581,g1
s6582,g6
s6583,g2
s6584,g9
s6585,g2
s6586,g7
s6587,g1
s6588,g7
s6589,g5
s6590,g8
s6591,g4
s6592,g10
s6593,g7
s6594,g6
s6595,g5
s6596,g4
s6597,g7
s6598,g5
s6599,g5
s6600,g1
s6601,g2
s6602,g5
s6603,g3
s6604,g2
s6605,g4
s6606,g4
s6607,g4
s6608,g4
s6609,g3
s6610,g7
s6611,g9
s6612,g5
s6613,g4
s6614,g2
s6615,g2
s6616,g5
s6617,g7
s6618,g10
s6619,g10
s6620,g9
s6621,g7
s6622,g5
s6623,g10
s6624,g10
s6625,g10
s6626,g6
s6627,g3
s6628,g5
s6629,g8
s6630,g1
s6631,g1
s6632,g7
s6633,g5
s6634,g5
s6635,g1
s6636,g9
s6637,g1
s6638,g5
s6639,g10
s6640,g9
s6641,g4
s6642,g8
s6643,g6
s6644,g3
s6645,g4
s6646,g2
s6647,g1
s6648,g8
s6649,g1
s6650,g1
s6651,g4
s6652,g10
s6653,g10
s6654,g6
s6655,g9
s6656,g1
s6657,g7
s6658,g10
s6659,g5
s6660,g8
s6661,g7
s6662,g4
s6663,g4
s6664,g6
s6665,g6
s6666,g9
s6667,g5
s6668,g8
s6669,g5
s6670,g2
s6671,g6
s6672,g9
s6673,g3
s6674,g1
s6675,g1
s6676,g3
s6677,g10
s6678,g5
s6679,g3
s6680,g9
s6681,g8
s6682,g3
s6683,g9
s6684,g6
s6685,g7
s6686,g4
s6687,g4
s6688,g2
s6689,g5
s6690,g8
s6691,g7
s6692,g7
s6693,g6
s6694,g3
s6695,g5
s6696,g1
s6697,g7
s6698,g9
s6699,g1
s6700,g2
s6701,g3
s6702,g3
s6703,g8
s6704,g7
s6705,g6
s6706,g10
s6707,g10
s6708,g4
s6709,g9
s6710,g1
s6711,g2
s6712,g4
s6713,g3
s6714,g1
s6715,g5
s6716,g7
s6717,g2
s6718,g5
s6719,g6
s6720,g7
s6721,g1
s6722,g7
s6723,g4
s6724,g8
s6725,g4
s6726,g6
s6727,g9
s6728,g5
s6729,g4
s6730,g8
s6731,g9
s6732,g4
s6733,g3
s6734,g8
s6735,g5
s6736,g2
s6737,g10
s6738,g9
s6739,g3
s6740,g2
s6741,g1
s6742,g8
s6743,g3
s6744,g7
s6745,g1
s6746,g1
s6747,g9
s6748,g8
s6749,g3
s6750,g6
s6751,g3
s6752,g4
s6753,g1
s6754,g5
s6755,g1
s6756,g1
s6757,g10
s6758,g7
s6759,g6
s6760,g2
s6761,g2
s6762,g7
s6763,g1
s6764,g2
s6765,g8
s6766,g6
s6767,g2
s6768,g7
s6769,g4
s6770,g2
s6771,g6
s6772,g9
s6773,g9
s6774,g8
s6775,g3
s6776,g3
s6777,g2
s6778,g5
s6779,g4
s6780,g7
s6781,g4
s6782,g9
s6783,g2
s6784,g6
s6785,g7
s6786,g4
s6787,g6
s6788,g7
s6789,g4
s6790,g8
s6791,g9
s6792,g1
s6793,g7
s6794,g9
s6795,g10
s6797,g5
s6798,g2
s6799,g10
s6800,g6
s6801,g7
s6802,g2
s6803,g2
s6804,g10
s6805,g10
s6806,g1
s6808,g4
s6809,g7
s6810,g9
s6811,g3
s6812,g7
s6813,g7
s6814,g7
s6815,g2
s6816,g6
s6817,g2
s6818,g6
s6819,g10
s6820,g3
s6821,g2
s6822,g6
s6823,g2
s6824,g5
s6825,g2
s6826,g3
s6827,g3
s6828,g6
s6829,g6
s6830,g10
s6831,g3
s6832,g3
s6833,g1
s6834,g7
s6835,g8
s6836,g2
s6837,g4
s6838,g10
s6839,g7
s6840,g8
s6841,g1
s6842,g4
s6843,g6
s6844,g3
s6845,g5
s6846,g10
s6847,g9
s6848,g3
s6849,g5
s6850,g8
s6851,g6
s6852,g4
s6853,g8
s6854,g3
s6855,g3
s6856,g4
s6857,g9
s6858,g5
s6859,g8
s6860,g6
s6861,g3
s6862,g8
s6863,g9
s6864,g8
s6865,g4
s6866,g6
s6867,g1
s6868,g4
s6869,g8
s6870,g1
s6871,g3
s6872,g1
s6873,g9
s6874,g2
s6875,g9
s6876,g4
s6877,g2
s6878,g4
s6879,g10
s6880,g6
s6881,g7
s6882,g3
s6883,g3
s6884,g10
s6885,g8
s6886,g5
s6887,g4
s6888,g7
s6889,g7
s6890,g9
s6891,g9
s6892,g5
s6893,g8
s6894,g10
s6895,g1
s6896,g9
s6897,g8
s6898,g6
s6899,g3
s6900,g3
s6901,g8
s6903,g5
s6904,g10
s6905,g7
s6906,g5
s6907,g8
s6908,g10
s6909,g10
s6910,g4
s6911,g2
s6912,g3
s6913,g8
s6914,g7
s6915,g2
s6916,g6
s6917,g9
s6918,g4
s6919,g9
s6920,g2
s6921,g2
s6922,g9
s6923,g7
s6924,g7
s6925,g1
s6926,g6
s6927,g7
s6928,g6
s6929,g6
s6930,g2
s6931,g6
s6932,g4
s6933,g9
s6934,g1
s6935,g8
s6936,g5
s6937,g1
s6938,g4
s6939,g1
s6940,g6
s6941,g2
s6942,g5
s6943,g7
s6944,g2
s6945,g6
s6946,g6
s6947,g5
s6948,g5
s6949,g3
s6950,g10
s6951,g10
s6952,g2
s6953,g7
s6954,g1
s6955,g6
s6956,g6
s6957,g3
s6958,g2
s6959,g2
s6960,g9
s6961,g5
s6962,g7
s6963,g5
s6964,g7
s6965,g4
s6966,g8
s6967,g10
s6968,g10
s6969,g7
s6970,g10
s6971,g5
s6972,g6
s6973,g5
s6974,g7
s6975,g2
s6976,g5
s6977,g10
s6978,g3
s6979,g9
s6980,g6
s6981,g10
s6982,g3
s6983,g7
s6984,g4
s6985,g3
s6986,g8
s6987,g4
s6988,g1
s6989,g6
s6990,g10
s6991,g1
s6992,g5
s6993,g7
s6994,g6
s6995,g2
s6996,g4
s6997,g2
s6998,g1
s6999,g3
s7000,g3
s7001,g7
s7002,g1
s7003,g9
s7004,g6
s7005,g4
s7006,g3
s7007,g3
s7008,g2
s7009,g2
s7010,g10
s7011,g5
s7012,g9
s7013,g2
s7014,g2
s7015,g6
s7016,g10
s7017,g2
s7018,g4
s7019,g6
s7020,g5
s7021,g1
s7022,g6
s7023,g1
s7024,g3
s7025,g10
s7026,g5
s7027,g10
s7028,g5
s7029,g10
s7030,g6
s7031,g10
s7032,g8
s7033,g5
s7034,g1
s7035,g5
s7036,g3
s7037,g4
s7038,g8
s7039,g7
s7040,g5
s7041,g2
s7042,g6
s7043,g6
s7044,g10
s7045,g10
s7046,g6
s7047,g9
s7048,g8
s7049,g8
s7050,g1
s7051,g5
s7052,g7
s7053,g6
s7054,g5
s7055,g8
s7056,g3
s7057,g6
s7058,g5
s7059,g8
s7060,g4
s7061,g8
s7062,g10
s7063,g2
s7064,g9
s7065,g9
s7066,g10
s7067,g10
s7068,g6
s7069,g4
s7070,g4
s7071,g6
s7072,g5
s7073,g6
s7074,g7
s7075,g7
s7076,g9
s7077,g8
s7078,g6
s7079,g6
s7080,g5
s7081,g1
s7082,g9
s7083,g9
s7084,g9
s7085,g8
s7086,g10
s7087,g3
s7088,g1
s7089,g8
s7090,g7
s7091,g5
s7092,g10
s7093,g7
s7094,g10
s7095,g4
s7096,g9
s7097,g10
s7098,g2
s7099,g9
s7100,g9
s7101,g5
s7102,g1
s7103,g7
s7104,g10
s7105,g10
s7106,g4
s7107,g9
s7108,g6
s7109,g3
s7110,g6
s7111,g10
s7112,g6
s7113,g5
s7114,g2
s7115,g10
s7116,g10
s7117,g2
s7118,g7
s7119,g2
s7120,g6
s7121,g5
s7122,g4
s7123,g7
s7124,g8
s7125,g4
s7126,g1
s7127,g1
s7128,g1
s7129,g1
s7130,g5
s7131,g4
s7132,g9
s7133,g3
s7134,g7
s7135,g8
s7136,g6
s7137,g10
s7138,g1
s7139,g8
s7140,g10
s7141,g3
s7142,g8
s7143,g4
s7144,g8
s7145,g1
s7146,g3
s7147,g6
s7148,g9
s7149,g2
s7150,g1
s7151,g10
s7152,g3
s7153,g4
s7154,g5
s7155,g3
s7156,g10
s7157,g2
s7158,g2
s7159,g7
s7160,g9
s7161,g10
s7162,g2
s7163,g7
s7164,g7
s7165,g7
s7166,g3
s7167,g7
s7168,g1
s7169,g10
s7170,g1
s7171,g5
s7172,g2
s7173,g9
s7174,g7
s7175,g4
s7176,g4
s7177,g2
s7178,g5
s7179,g4
s7180,g1
s7181,g8
s7182,g3
s7183,g6
s7184,g4
s7185,g9
s7186,g7
s7187,g9
s7188,g10
s7189,g3
s7190,g1
s7191,g5
s7192,g3
s7193,g6
s7194,g8
s7195,g4
s7196,g5
s7198,g5
s7199,g4
s7200,g4
s7201,g4
s7202,g4
s7203,g4
s7204,g5
s7205,g2
s7206,g2
s7207,g9
s7208,g2
s7209,g6
s7210,g2
s7211,g5
s7212,g4
s7213,g7
s7214,g7
s7215,g6
s7216,g10
s7217,g5
s7218,g1
s7219,g3
s7220,g9
s7221,g1
s7222,g5
s7223,g2
s7224,g4
s7225,g1
s7226,g3
s7227,g10
s7228,g7
s7229,g10
s7230,g3
s7231,g4
s7232,g2
s7233,g3
s7234,g9
s7235,g3
s7236,g5
s7237,g2
s7238,g4
s7239,g7
s7240,g7
s7241,g3
s7242,g5
s7243,g1
s7244,g10
s7245,g10
s7246,g10
s7247,g1
s7248,g5
s7249,g10
s7250,g9
s7251,g1
s7252,g1
s7253,g4
s7254,g4
s7256,g2
s7257,g9
s7258,g9
s7259,g2
s7260,g9
s7261,g6
s7262,g8
s7263,g10
s7264,g4
s7265,g2
s7266,g2
s7267,g9
s7268,g1
s7269,g7
s7270,g3
s7271,g3
s7272,g2
s7273,g10
s7274,g6
s7275,g10
s7276,g2
s7277,g10
s7278,g4
s7279,g10
s7280,g9
s7281,g9
s7282,g6
s7283,g4
s7284,g7
s7285,g1
s7286,g4
s7287,g5
s7288,g8
s7289,g2
s7290,g5
s7291,g6
s7292,g5
s7293,g9
s7294,g10
s7295,g1
s7296,g3
s7297,g2
s7298,g3
s7299,g10
s7300,g9
s7301,g9
s7302,g10
s7303,g2
s7304,g3
s7305,g4
s7306,g9
s7307,g3
s7308,g7
s7309,g3
s7310,g7
s7311,g7
s7312,g9
s7313,g2
s7314,g6
s7315,g9
s7316,g2
s7317,g2
s7318,g5
s7319,g10
s7320,g10
s7321,g10
s7322,g8
s7323,g9
s7324,g2
s7325,g5
s7326,g7
s7327,g6
s7328,g6
s7329,g7
s7330,g3
s7331,g3
s7332,g10
s7333,g9
s7334,g8
s7335,g5
s7336,g6
s7337,g10
s7338,g1
s7339,g10
s7340,g1
s7341,g4
s7342,g2
s7343,g7
s7344,g2
s7345,g10
s7346,g2
s7347,g5
s7348,g4
s7349,g8
s7350,g4
s7351,g6
s7352,g5
s7353,g2
s7354,g8
s7355,g2
s7356,g9
s7357,g9
s7358,g3
s7359,g4
s7360,g8
s7361,g9
s7362,g3
s7363,g5
s7364,g8
s7365,g3
s7366,g7
s7367,g8
s7368,g10
s7369,g3
s7370,g2
s7371,g10
s7372,g7
s7373,g9
s7374,g1
s7375,g3
s7376,g5
s7377,g3
s7378,g1
s7379,g7
s7380,g7
s7381,g10
s7382,g8
s7383,g5
s7384,g10
s7385,g5
s7386,g5
s7387,g1
s7388,g10
s7389,g5
s7390,g6
s7391,g1
s7392,g7
s7393,g1
s7394,g2
s7395,g2
s7396,g5
s7397,g10
s7398,g7
s7399,g1
s7400,g10
s7401,g1
s7402,g1
s7403,g6
s7404,g2
s7405,g1
s7406,g6
s7408,g2
s7409,g6
s7410,g10
s7411,g8
s7412,g2
s7413,g9
s7414,g8
s7415,g10
s7416,g1
s7417,g7
s7418,g10
s7419,g6
s7420,g6
s7421,g6
s7422,g6
s7423,g10
s7424,g7
s7425,g3
s7426,g6
s7427,g3
s7428,g7
s7429,g7
s7430,g8
s7431,g2
s7432,g9
s7433,g5
s7434,g9
s7435,g10
s7436,g5
s7437,g7
s7438,g9
s7439,g4
s7440,g2
s7441,g9
s7442,g2
s7443,g3
s7444,g10
s7445,g2
s7446,g3
s7447,g6
s7448,g3
s7449,g10
s7450,g8
s7451,g6
s7452,g7
s7453,g1
s7454,g3
s7455,g3
s7456,g2
s7457,g7
s7458,g9
s7459,g4
s7460,g5
s7461,g3
s7462,g9
s7463,g4
s7464,g5
s7465,g1
s7466,g2
s7467,g9
s7468,g2
s7469,g5
s7470,g8
s7471,g3
s7472,g6
s7473,g4
s7474,g7
s7475,g10
s7476,g3
s7477,g6
s7478,g10
s7479,g9
s7480,g10
s7481,g1
s7482,g3
s7483,g2
s7484,g8
s7485,g7
s7486,g2
s7487,g6
s7488,g3
s7489,g8
s7490,g10
s7491,g3
s7492,g10
s7493,g9
s7494,g1
s7495,g5
s7496,g3
s7497,g6
s7498,g10
s7499,g2
s7500,g9
s7501,g6
s7502,g7
s7503,g5
s7504,g9
s7505,g1
s7506,g5
s7507,g10
s7508,g6
s7509,g7
s7510,g4
s7511,g1
s7512,g8
s7513,g10
s7514,g4
s7515,g3
s7516,g7
s7517,g2
s7518,g8
s7519,g6
s7520,g7
s7521,g5
s7522,g9
s7523,g5
s7524,g5
s7525,g3
s7526,g1
s7527,g2
s7528,g8
s7529,g1
s7530,g7
s7531,g5
s7532,g3
s7533,g7
s7534,g9
s7535,g2
s7536,g8
s7537,g9
s7538,g3
s7539,g2
s7540,g7
s7541,g5
s7542,g5
s7543,g10
s7544,g5
s7545,g4
s7546,g5
s7547,g4
s7548,g6
s7549,g4
s7550,g2
s7551,g9
s7552,g2
s7553,g9
s7554,g10
s7555,g6
s7556,g9
s7557,g9
s7558,g3
s7559,g1
s7560,g1
s7561,g3
s7562,g5
s7563,g3
s7564,g9
s7565,g9
s7566,g3
s7567,g3
s7568,g5
s7569,g2
s7570,g6
s7571,g7
s7572,g9
s7573,g6
s7574,g3
s7575,g5
s7576,g4
s7577,g5
s7578,g8
s7579,g8
s7580,g6
s7581,g1
s7582,g8
s7583,g8
s7584,g2
s7585,g4
s7586,g2
s7587,g4
s7588,g10
s7589,g7
s7590,g9
s7591,g8
s7592,g9
s7593,g8
s7594,g2
s7595,g7
s7596,g2
s7597,g2
s7598,g4
s7599,g1
s7600,g5
s7601,g6
s7602,g9
s7603,g10
s7604,g8
s7605,g2
s7606,g1
s7607,g2
s7608,g7
s7609,g4
s7610,g10
s7611,g5
s7612,g7
s7613,g3
s7614,g10
s7615,g2
s7616,g7
s7617,g5
s7618,g1
s7619,g1
s7620,g9
s7621,g5
s7622,g1
s7623,g7
s7624,g9
s7625,g1
s7626,g10
s7627,g4
s7628,g3
s7629,g5
s7630,g7
s7631,g8
s7632,g2
s7633,g7
s7634,g1
s7635,g7
s7636,g8
s7637,g2
s7638,g9
s7639,g1
s7640,g6
s7641,g1
s7642,g3
s7643,g6
s7644,g3
s7645,g8
s7646,g5
s7647,g2
s7648,g4
s7649,g9
s7650,g4
s7651,g10
s7652,g10
s7653,g8
s7654,g5
s7655,g10
s7656,g1
s7657,g7
s7658,g3
s7659,g10
s7660,g8
s7661,g3
s7662,g1
s7663,g5
s7664,g2
s7665,g4
s7666,g1
s7667,g9
s7668,g6
s7669,g8
s7670,g4
s7671,g9
s7672,g2
s7673,g9
s7674,g5
s7675,g6
s7676,g3
s7677,g4
s7678,g6
s7679,g7
s7680,g1
s7681,g7
s7682,g1
s7683,g5
s7684,g6
s7685,g2
s7686,g10
s7687,g9
s7688,g10
s7689,g6
s7690,g7
s7691,g10
s7692,g8
s7693,g10
s7694,g1
s7695,g8
s7696,g4
s7697,g10
s7698,g8
s7699,g6
s7700,g9
s7701,g4
s7702,g2
s7703,g2
s7704,g5
s7705,g10
s7706,g9
s7707,g3
s7708,g8
s7709,g4
s7710,g6
s7711,g10
s7712,g6
s7713,g3
s7714,g5
s7715,g3
s7716,g1
s7717,g7
s7718,g4
s7719,g7
s7720,g3
s7721,g5
s7722,g5
s7723,g2
s7724,g10
s7725,g2
s7726,g4
s7727,g4
s7728,g4
s7729,g6
s7730,g2
s7731,g6
s7732,g7
s7733,g10
s7734,g3
s7735,g8
s7736,g2
s7737,g8
s7738,g5
s7739,g2
s7740,g7
s7741,g2
s7742,g6
s7743,g10
s7744,g3
s7745,g9
s7746,g3
s7747,g3
s7748,g5
s7749,g7
s7750,g8
s7751,g7
s7752,g9
s7753,g5
s7754,g10
s7755,g3
s7756,g6
s7757,g5
s7758,g4
s7759,g2
s7760,g7
s7761,g5
s7762,g4
s7763,g8
s7764,g9
s7765,g9
s7766,g3
s7767,g3
s7768,g5
s7769,g5
s7770,g10
s7771,g2
s7772,g1
s7773,g8
s7774,g3
s7775,g1
s7776,g1
s7777,g2
s7778,g6
s7779,g6
s7780,g3
s7781,g4
s7782,g2
s7783,g2
s7784,g7
s7785,g1
s7786,g7
s7787,g1
s7788,g6
s7789,g3
s7790,g8
s7791,g6
s7792,g2
s7793,g8
s7794,g5
s7795,g8
s7796,g8
s7797,g6
s7798,g2
s7799,g8
s7800,g6
s7801,g6
s7802,g8
s7803,g1
s7804,g2
s7805,g9
s7806,g8
s7807,g7
s7808,g7
s7809,g5
s7810,g2
s7811,g6
s7812,g10
s7813,g3
s7814,g4
s7815,g10
s7816,g2
s7817,g2
s7818,g8
s7819,g8
s7820,g10
s7821,g6
s7822,g5
s7823,g8
s7824,g4
s7825,g4
s7826,g5
s7827,g1
s7828,g1
s7829,g2
s7830,g8
s7831,g7
s7832,g10
s7833,g9
s7834,g5
s7835,g2
s7836,g7
s7837,g8
s7838,g7
s7839,g7
s7840,g5
s7841,g2
s7842,g6
s7843,g4
s7844,g10
s7845,g2
s7846,g9
s7847,g7
s7849,g6
s7850,g5
s7851,g3
s7852,g10
s7853,g10
s7854,g4
s7855,g3
s7856,g8
s7857,g3
s7858,g7
s7859,g7
s7860,g7
s7861,g7
s7862,g2
s7863,g10
s7864,g3
s7865,g10
s7866,g9
s7867,g3
s7868,g2
s7869,g9
s7870,g10
s7871,g9
s7872,g4
s7873,g9
s7874,g3
s7875,g7
s7876,g7
s7877,g8
s7878,g10
s7879,g4
s7880,g3
s7881,g3
s7882,g5
s7883,g1
s7884,g10
s7885,g3
s7886,g6
s7887,g3
s7888,g5
s7889,g9
s7890,g2
s7891,g2
s7892,g6
s7893,g6
s7894,g8
s7895,g2
s7896,g9
s7897,g2
s7898,g1
s7899,g10
s7900,g2
s7901,g7
s7902,g8
s7903,g5
s7904,g6
s7905,g1
s7906,g6
s7907,g8
s7908,g3
s7909,g1
s7910,g4
s7911,g1
s7912,g8
s7913,g5
s7914,g1
s7915,g8
s7916,g9
s7917,g10
s7918,g2
s7919,g9
s7920,g8
s7921,g7
s7922,g3
s7923,g2
s7924,g7
s7925,g5
s7926,g6
s7927,g4
s7928,g2
s7929,g9
s7930,g3
s7931,g7
s7932,g8
s7933,g2
s7934,g6
s7935,g8
s7936,g7
s7937,g3
s7938,g1
s7939,g6
s7940,g8
s7941,g6
s7942,g5
s7943,g8
s7944,g2
s7945,g1
s7946,g1
s7947,g4
s7948,g6
s7949,g9
s7950,g1
s7951,g1
s7952,g5
s7953,g10
s7954,g5
s7955,g5
s7956,g10
s7957,g6
s7958,g8
s7959,g3
s7960,g9
s7961,g1
s7962,g4
s7963,g9
s7964,g8
s7965,g10
s7966,g9
s7967,g1
s7968,g9
s7969,g3
s7970,g10
s7971,g9
s7972,g1
s7973,g1
s7974,g9
s7975,g6
s7976,g4
s7977,g7
s7978,g5
s7979,g10
s7980,g7
s7981,g8
s7982,g8
s7983,g1
s7984,g8
s7985,g6
s7986,g4
s7987,g8
s7988,g3
s7989,g4
s7990,g6
s7991,g7
s7992,g4
s7993,g4
s7994,g7
s7995,g6
s7996,g8
s7997,g1
s7998,g10
s7999,g7
s8000,g7
s8001,g7
s8002,g7
s8003,g10
s8004,g10
s8005,g8
s8006,g9
s8007,g9
s8008,g2
s8009,g7
s8010,g7
s8011,g4
s8012,g9
s8013,g8
s8014,g1
s8015,g2
s8016,g2
s8017,g8
s8018,g1
s8019,g4
s8020,g10
s8021,g5
s8022,g9
s8023,g7
s8024,g8
s8025,g9
s8026,g7
s8027,g5
s8028,g5
s8029,g10
s8030,g6
s8031,g5
s8032,g9
s8033,g3
s8034,g3
s8035,g7
s8036,g7
s8037,g6
s8038,g3
s8039,g7
s8040,g5
s8041,g7
s8042,g2
s8043,g6
s8044,g8
s8045,g1
s8046,g4
s8047,g1
s8048,g1
s8049,g10
s8050,g8
s8051,g7
s8052,g10
s8053,g1
s8054,g2
s8055,g4
s8056,g1
s8057,g3
s8058,g8
s8059,g8
s8060,g8
s8061,g6
s8062,g6
s8063,g5
s8064,g9
s8065,g4
s8066,g10
s8067,g7
s8068,g1
s8069,g9
s8070,g7
s8071,g10
s8072,g9
s8073,g7
s8074,g2
s8075,g6
s8076,g10
s8077,g4
s8078,g3
s8079,g2
s8080,g6
s8081,g8
s8082,g6
s8083,g9
s8084,g5
s8085,g2
s8086,g8
s8087,g9
s8088,g10
s8089,g4
s8090,g6
s8091,g10
s8092,g8
s8093,g9
s8094,g5
s8095,g6
s8096,g4
s8097,g5
s8098,g7
s8099,g9
s8100,g10
s8101,g6
s8102,g6
s8103,g8
s8104,g4
s8105,g3
s8106,g7
s8107,g5
s8108,g2
s8109,g2
s8110,g6
s8111,g8
s8112,g1
s8113,g6
s8114,g2
s8115,g2
s8116,g7
s8117,g10
s8118,g1
s8119,g6
s8120,g7
s8121,g8
s8122,g7
s8123,g6
s8124,g9
s8125,g3
s8126,g6
s8127,g4
s8128,g2
s8129,g1
s8130,g1
s8131,g10
s8132,g3
s8133,g4
s8134,g2
s8135,g1
s8136,g4
s8137,g7
s8138,g10
s8139,g6
s8140,g6
s8141,g9
s8142,g2
s8143,g4
s8144,g5
s8145,g1
s8146,g8
s8147,g8
s8148,g6
s8149,g5
s8150,g8
s8151,g3
s8152,g3
s8153,g2
s8154,g5
s8155,g3
s8156,g3
s8157,g6
s8158,g8
s8159,g2
s8160,g4
s8161,g7
s8162,g1
s8163,g1
s8164,g10
s8165,g7
s8166,g7
s8167,g1
s8168,g1
s8169,g4
s8170,g5
s8171,g5
s8172,g4
s8173,g8
s8174,g7
s8175,g9
s8176,g7
s8177,g10
s8178,g1
s8179,g7
s8180,g1
s8181,g7
s8182,g10
s8184,g8
s8185,g9
s8186,g3
s8187,g4
s8188,g4
s8189,g9
s8190,g7
s8191,g3
s8192,g10
s8193,g5
s8194,g7
s8195,g8
s8196,g1
s8197,g2
s8198,g7
s8199,g2
s8200,g7
s8201,g9
s8202,g2
s8203,g7
s8204,g4
s8205,g2
s8206,g7
s8207,g5
s8208,g1
s8209,g5
s8210,g3
s8211,g7
s8212,g6
s8213,g8
s8214,g5
s8215,g2
s8216,g9
s8217,g8
s8218,g6
s8219,g10
s8220,g7
s8221,g9
s8222,g7
s8223,g3
s8224,g6
s8225,g7
s8226,g2
s8227,g3
s8228,g4
s8229,g10
s8230,g6
s8231,g1
s8232,g9
s8233,g5
s8234,g7
s8235,g9
s8236,g9
s8237,g1
s8238,g1
s8239,g3
s8240,g6
s8241,g2
s8242,g10
s8243,g1
s8244,g1
s8245,g5
s8246,g4
s8247,g1
s8248,g4
s8249,g3
s8250,g2
s8251,g9
s8252,g1
s8253,g7
s8254,g4
s8255,g5
s8256,g10
s8257,g5
s8258,g1
s8259,g6
s8260,g9
s8261,g2
s8262,g7
s8263,g6
s8264,g5
s8265,g4
s8266,g4
s8267,g6
s8268,g4
s8269,g5
s8270,g6
s8271,g5
s8272,g7
s8273,g9
s8274,g10
s8275,g7
s8276,g7
s8277,g4
s8278,g1
s8279,g8
s8280,g4
s8281,g1
s8282,g5
s8283,g8
s8284,g4
s8285,g8
s8286,g8
s8287,g3
s8288,g9
s8289,g3
s8290,g1
s8291,g2
s8292,g6
s8293,g10
s8294,g2
s8295,g6
s8296,g1
s8297,g1
s8298,g5
s8299,g10
s8300,g9
s8301,g8
s8302,g3
s8303,g3
s8304,g1
s8305,g3
s8306,g1
s8307,g8
s8308,g1
s8309,g5
s8310,g9
s8311,g7
s8312,g4
s8313,g9
s8314,g9
s8315,g2
s8316,g10
s8317,g10
s8318,g6
s8319,g4
s8320,g8
s8321,g7
s8322,g7
s8323,g10
s8324,g9
s8325,g5
s8326,g6
s8327,g1
s8328,g6
s8329,g2
s8330,g6
s8331,g9
s8332,g8
s8333,g9
s8334,g10
s8335,g8
s8336,g3
s8337,g8
s8338,g6
s8339,g6
s8340,g6
s8341,g3
s8342,g10
s8343,g1
s8344,g4
s8345,g10
s8346,g6
s8347,g10
s8348,g2
s8349,g7
s8350,g7
s8351,g4
s8352,g4
s8353,g1
s8354,g2
s8355,g9
s8356,g10
s8357,g8
s8358,g8
s8359,g9
s8360,g7
s8361,g9
s8362,g10
s8363,g2
s8364,g6
s8365,g3
s8366,g6
s8367,g3
s8368,g8
s8369,g4
s8370,g10
s8371,g6
s8372,g9
s8373,g2
s8374,g2
s8375,g7
s8376,g2
s8377,g2
s8378,g4
s8379,g9
s8380,g8
s8381,g2
s8382,g8
s8383,g4
s8384,g2
s8385,g10
s8386,g7
s8387,g6
s8388,g10
s8389,g5
s8390,g1
s8391,g2
s8392,g8
s8393,g1
s8394,g3
s8395,g2
s8396,g5
s8397,g4
s8398,g7
s8399,g5
s8400,g8
s8401,g4
s8402,g6
s8403,g4
s8404,g2
s8405,g1
s8406,g1
s8407,g8
s8408,g4
s8409,g5
s8410,g8
s8411,g7
s8412,g8
s8413,g8
s8414,g6
s8415,g10
s8416,g2
s8417,g6
s8418,g1
s8419,g1
s8420,g3
s8421,g3
s8422,g5
s8423,g1
s8424,g10
s8425,g6
s8426,g7
s8427,g10
s8428,g3
s8429,g4
s8430,g10
s8431,g10
s8432,g10
s8433,g10
s8434,g10
s8435,g3
s8436,g1
s8437,g8
s8438,g10
s8439,g10
s8440,g2
s8441,g1
s8442,g8
s8443,g7
s8444,g7
s8445,g4
s8446,g9
s8447,g6
s8448,g2
s8449,g1
s8450,g1
s8451,g9
s8452,g4
s8453,g5
s8454,g3
s8455,g4
s8456,g8
s8457,g4
s8458,g9
s8459,g9
s8460,g6
s8461,g2
s8462,g10
s8463,g7
s8464,g9
s8465,g6
s8466,g3
s8467,g7
s8468,g5
s8469,g1
s8470,g3
s8471,g5
s8472,g7
s8473,g3
s8474,g6
s8475,g5
s8476,g1
s8477,g10
s8478,g6
s8479,g8
s8480,g1
s8481,g2
s8482,g4
s8483,g2
s8484,g9
s8485,g10
s8486,g8
s8487,g8
s8488,g4
s8489,g5
s8490,g4
s8491,g9
s8492,g2
s8493,g8
s8494,g2
s8495,g1
s8496,g10
s8497,g3
s8498,g9
s8499,g3
s8500,g9
s8501,g7
s8502,g10
s8503,g1
s8504,g10
s8505,g5
s8506,g9
s8507,g3
s8508,g9
s8509,g5
s8510,g9
s8511,g10
s8512,g6
s8513,g9
s8514,g7
s8515,g7
s8516,g8
s8517,g7
s8518,g9
s8519,g9
s8520,g6
s8521,g7
s8522,g2
s8523,g9
s8524,g1
s8525,g1
s8526,g3
s8527,g6
s8528,g5
s8529,g2
s8530,g9
s8531,g10
s8532,g4
s8533,g4
s8534,g5
s8535,g8
s8536,g10
s8537,g4
s8538,g5
s8539,g4
s8540,g6
s8541,g3
s8542,g8
s8543,g6
s8544,g10
s8545,g5
s8546,g2
s8547,g10
s8548,g10
s8549,g7
s8550,g2
s8551,g1
s8552,g7
s8553,g5
s8554,g1
s8555,g4
s8556,g4
s8557,g10
s8558,g7
s8559,g9
s8560,g2
s8561,g1
s8562,g2
s8563,g7
s8564,g10
s8565,g6
s8566,g4
s8567,g1
s8568,g1
s8569,g5
s8570,g1
s8571,g7
s8572,g1
s8573,g1
s8574,g2
s8575,g10
s8576,g3
s8577,g1
s8578,g9
s8579,g10
s8580,g8
s8581,g5
s8582,g2
s8583,g5
s8584,g6
s8585,g1
s8586,g4
s8587,g9
s8588,g2
s8589,g5
s8590,g1
s8591,g4
s8592,g4
s8593,g6
s8594,g10
s8595,g9
s8596,g3
s8597,g9
s8598,g6
s8599,g7
s8600,g10
s8601,g2
s8602,g10
s8603,g6
s8604,g6
s8605,g2
s8606,g2
s8607,g2
s8608,g10
s8609,g1
s8610,g5
s8611,g8
s8612,g2
s8613,g5
s8614,g8
s8615,g10
s8616,g5
s8617,g2
s8618,g3
s8619,g6
s8620,g5
s8621,g4
s8622,g4
s8623,g5
s8624,g2
s8625,g9
s8626,g2
s8627,g10
s8628,g2
s8629,g10
s8630,g9
s8631,g3
s8632,g10
s8633,g7
s8634,g4
s8635,g6
s8636,g4
s8637,g10
s8638,g7
s8639,g1
s8640,g3
s8641,g3
s8642,g1
s8643,g6
s8644,g9
s8645,g8
s8646,g7
s8647,g10
s8648,g8
s8649,g6
s8650,g9
s8651,g3
s8652,g10
s8653,g10
s8654,g9
s8655,g4
s8656,g7
s8657,g9
s8658,g2
s8659,g2
s8660,g9
s8661,g3
s8662,g9
s8663,g5
s8664,g6
s8665,g2
s8666,g8
s8667,g9
s8668,g2
s8669,g6
s8670,g6
s8671,g8
s8672,g10
s8673,g5
s8674,g9
s8675,g1
s8676,g9
s8677,g10
s8678,g7
s8679,g4
s8680,g3
s8681,g10
s8682,g6
s8683,g1
s8684,g3
s8685,g2
s8686,g9
s8687,g3
s8688,g2
s8689,g4
s8690,g2
s8691,g1
s8692,g6
s8693,g10
s8694,g8
s8695,g10
s8696,g10
s8697,g2
s8698,g9
s8699,g3
s8700,g8
s8701,g8
s8702,g3
s8703,g3
s8704,g6
s8705,g1
s8706,g4
s8707,g1
s8708,g3
s8709,g9
s8710,g5
s8711,g5
s8712,g4
s8713,g3
s8714,g5
s8715,g4
s8716,g8
s8717,g4
s8718,g8
s8719,g6
s8720,g5
s8721,g4
s8722,g4
s8723,g4
s8724,g9
s8725,g4
s8726,g9
s8727,g10
s8728,g6
s8729,g10
s8730,g7
s8731,g10
s8732,g3
s8733,g8
s8734,g3
s8735,g1
s8736,g10
s8737,g5
s8738,g2
s8739,g10
s8740,g6
s8741,g10
s8742,g9
s8743,g1
s8744,g4
s8745,g1
s8746,g1
s8747,g8
s8748,g2
s8749,g1
s8750,g8
s8751,g4
s8752,g3
s8753,g4
s8754,g5
s8755,g1
s8756,g1
s8757,g3
s8758,g6
s8759,g1
s8760,g2
s8761,g7
s8762,g1
s8763,g7
s8764,g4
s8765,g10
s8766,g6
s8767,g8
s8768,g9
s8769,g6
s8770,g9
s8771,g4
s8772,g6
s8773,g8
s8774,g9
s8775,g3
s8776,g2
s8777,g6
s8778,g4
s8779,g1
s8780,g8
s8781,g9
s8782,g9
s8783,g2
s8784,g9
s8785,g7
s8786,g5
s8787,g7
s8788,g9
s8789,g8
s8790,g6
s8791,g4
s8792,g1
s8793,g6
s8794,g3
s8795,g6
s8796,g6
s8797,g4
s8798,g2
s8799,g9
s8800,g2
s8801,g3
s8802,g10
s8803,g1
s8804,g7
s8805,g1
s8806,g9
s8807,g1
